Company,ReviewDate,CocoaPercent,Location,Rating,BeanType,BroadOrigin
A. Morin,2016,63.0,France,3.75, ,Sao Tome
A. Morin,2015,70.0,France,2.75, ,Togo
A. Morin,2015,70.0,France,3.0, ,Togo
A. Morin,2015,70.0,France,3.5, ,Togo
A. Morin,2015,70.0,France,3.5, ,Peru
A. Morin,2014,70.0,France,2.75,Criollo,Venezuela
A. Morin,2014,70.0,France,3.5, ,Cuba
A. Morin,2014,70.0,France,3.5,Criollo,Venezuela
A. Morin,2014,70.0,France,3.75,Criollo,Venezuela
A. Morin,2014,70.0,France,4.0, ,Peru
A. Morin,2013,70.0,France,2.75, ,Panama
A. Morin,2013,70.0,France,3.0,Criollo,Madagascar
A. Morin,2013,70.0,France,3.25, ,Brazil
A. Morin,2013,70.0,France,3.75, ,Ecuador
A. Morin,2013,70.0,France,2.75, ,Colombia
A. Morin,2013,70.0,France,3.0, ,Burma
A. Morin,2013,70.0,France,3.25, ,Papua New Guinea
A. Morin,2013,70.0,France,4.0,Trinitario,Venezuela
A. Morin,2013,70.0,France,3.25, ,Peru
A. Morin,2013,70.0,France,3.5, ,Peru
A. Morin,2013,63.0,France,4.0, ,Peru
A. Morin,2012,70.0,France,3.5, ,Bolivia
A. Morin,2012,63.0,France,3.75, ,Peru
Acalli,2015,70.0,U.S.A.,3.75, ,Peru
Acalli,2015,70.0,U.S.A.,3.75,Criollo,Peru
Adi,2011,60.0,Fiji,2.75,Trinitario,Fiji
Adi,2011,80.0,Fiji,3.25,Trinitario,Fiji
Adi,2011,88.0,Fiji,3.5,Trinitario,Fiji
Adi,2011,72.0,Fiji,3.5,Trinitario,Fiji
Aequare (Gianduja),2009,55.0,Ecuador,2.75,Forastero (Arriba),Ecuador
Aequare (Gianduja),2009,70.0,Ecuador,3.0,Forastero (Arriba),Ecuador
Ah Cacao,2009,70.0,Mexico,3.0,Criollo,Mexico
Akesson's (Pralus),2011,75.0,Switzerland,3.75,Trinitario,Indonesia
Akesson's (Pralus),2010,75.0,Switzerland,2.75,Criollo,Madagascar
Akesson's (Pralus),2010,75.0,Switzerland,2.75,Forastero,Brazil
Alain Ducasse,2014,65.0,France,2.75,Trinitario,Trinidad
Alain Ducasse,2014,75.0,France,2.75,Trinitario,Vietnam
Alain Ducasse,2014,75.0,France,3.0,Trinitario,Madagascar
Alain Ducasse,2013,75.0,France,2.5,Trinitario,Venezuela
Alain Ducasse,2013,75.0,France,2.5, ,Peru
Alexandre,2017,70.0,Netherlands,3.5,Forastero (Nacional),Ecuador
Alexandre,2017,70.0,Netherlands,3.5,"Criollo, Trinitario",Nicaragua
Alexandre,2017,70.0,Netherlands,3.5,Trinitario,Vietnam
Alexandre,2017,70.0,Netherlands,3.5,Forastero,Tanzania
Altus aka Cao Artisan,2016,60.0,U.S.A.,2.75, ,Nicaragua
Altus aka Cao Artisan,2016,60.0,U.S.A.,3.0, ,Peru
Altus aka Cao Artisan,2016,60.0,U.S.A.,2.5, ,Bolivia
Altus aka Cao Artisan,2016,60.0,U.S.A.,2.5, ,Peru
Altus aka Cao Artisan,2016,60.0,U.S.A.,2.75, ,Ecuador
Altus aka Cao Artisan,2013,60.0,U.S.A.,2.5, ,Venezuela
Altus aka Cao Artisan,2013,60.0,U.S.A.,3.0,Trinitario,Dominican Republic
Altus aka Cao Artisan,2013,80.0,U.S.A.,3.25, ,Bolivia
Altus aka Cao Artisan,2013,60.0,U.S.A.,3.0, ,Bolivia
Altus aka Cao Artisan,2013,60.0,U.S.A.,3.25, ,Peru
Amano,2011,70.0,U.S.A.,4.0, ,Papua New Guinea
Amano,2010,70.0,U.S.A.,3.75, ,Dominican Republic
Amano,2010,70.0,U.S.A.,4.0, ,Ecuador
Amano,2010,70.0,U.S.A.,3.0,Trinitario,Venezuela
Amano,2009,70.0,U.S.A.,3.0, ,Venezuela
Amano,2008,70.0,U.S.A.,2.75, ,Indonesia
Amano,2007,70.0,U.S.A.,3.5,Trinitario,Madagascar
Amano,2007,70.0,U.S.A.,3.0, ,Venezuela
Amano,2007,70.0,U.S.A.,3.75,Criollo,Venezuela
Amatller (Simon Coll),2009,70.0,Spain,3.0,Forastero,Ghana
Amatller (Simon Coll),2009,70.0,Spain,2.75, ,Ecuador
Amatller (Simon Coll),2009,85.0,Spain,2.75, ,Ecuador
Amatller (Simon Coll),2009,85.0,Spain,3.0,Forastero,Ghana
Amazona,2013,72.0,Peru,3.25, ,Peru
Amazona,2013,73.0,Peru,3.5,Trinitario,Peru
Ambrosia,2015,64.0,Canada,3.0,Trinitario,Belize
Ambrosia,2015,66.0,Canada,3.25,Trinitario,Madagascar
Ambrosia,2015,75.0,Canada,3.25, ,Dominican Republic
Ambrosia,2015,63.0,Canada,3.25, ,Papua New Guinea
Ambrosia,2015,70.0,Canada,3.25, ,Venezuela
Ambrosia,2015,68.0,Canada,3.5, ,Peru
Amedei,2012,70.0,Italy,3.75, ,Peru
Amedei,2007,70.0,Italy,4.0,Criollo (Porcelana),Venezuela
Amedei,2007,75.0,Italy,4.0,Blend, 
Amedei,2007,70.0,Italy,5.0,Trinitario,Venezuela
Amedei,2007,70.0,Italy,3.0,Trinitario,Ecuador
Amedei,2007,70.0,Italy,3.0,Trinitario,Jamaica
Amedei,2007,70.0,Italy,3.5,Trinitario,Grenada
Amedei,2007,70.0,Italy,3.75,Trinitario (85% Criollo),Venezuela
Amedei,2007,70.0,Italy,4.0,Trinitario (85% Criollo),Madagascar
Amedei,2007,70.0,Italy,3.5,Trinitario,Trinidad
Amedei,2007,63.0,Italy,3.5,Blend, 
Amedei,2006,70.0,Italy,5.0,Blend, 
Amedei,2006,66.0,Italy,4.0,Blend, 
AMMA,2013,75.0,Brazil,3.25,Forastero (Catongo),Brazil
AMMA,2010,85.0,Brazil,2.75,Forastero (Parazinho),Brazil
AMMA,2010,50.0,Brazil,3.75,Forastero (Parazinho),Brazil
AMMA,2010,75.0,Brazil,3.75,Forastero (Parazinho),Brazil
AMMA,2010,60.0,Brazil,4.0,Forastero (Parazinho),Brazil
Anahata,2014,75.0,U.S.A.,3.0, ,Dominican Republic
Animas,2016,75.0,U.S.A.,3.5, ,Bolivia
Ara,2014,75.0,France,3.0,Trinitario,Madagascar
Ara,2014,72.0,France,2.5, ,Mexico
Ara,2014,75.0,France,2.75, ,Ecuador
Ara,2014,75.0,France,3.0, ,Venezuela
Arete,2016,70.0,U.S.A.,3.5,Trinitario,Trinidad
Arete,2016,70.0,U.S.A.,3.75, ,Tanzania
Arete,2016,73.0,U.S.A.,3.5,Trinitario,Vietnam
Arete,2016,70.0,U.S.A.,3.25, ,Ecuador
Arete,2016,70.0,U.S.A.,3.25, ,Ecuador
Arete,2016,70.0,U.S.A.,3.5, ,Guatemala
Arete,2016,70.0,U.S.A.,3.75, ,Nicaragua
Arete,2016,70.0,U.S.A.,3.5, ,Honduras
Arete,2016,70.0,U.S.A.,4.0, ,Costa Rica
Arete,2016,70.0,U.S.A.,4.0,Forastero (Nacional),Peru
Arete,2016,70.0,U.S.A.,3.75, ,Dominican Republic
Arete,2016,70.0,U.S.A.,3.25, ,Fiji
Arete,2016,73.0,U.S.A.,3.25, ,Vietnam
Arete,2015,70.0,U.S.A.,3.5, ,Brazil
Arete,2015,68.0,U.S.A.,3.5,Forastero (Nacional),Peru
Arete,2015,70.0,U.S.A.,3.75,Forastero (Nacional),Ecuador
Arete,2015,70.0,U.S.A.,3.5, ,Domincan Republic
Arete,2015,70.0,U.S.A.,3.75,Trinitario,Belize
Arete,2015,70.0,U.S.A.,4.0,"Criollo, Trinitario",Nicaragua
Arete,2015,75.0,U.S.A.,2.75, ,Brazil
Arete,2015,70.0,U.S.A.,3.25, ,Guatemala
Arete,2015,75.0,U.S.A.,3.5, ,Ecuador
Artisan du Chocolat,2013,72.0,U.K.,3.25,Trinitario,Trinidad
Artisan du Chocolat,2012,72.0,U.K.,3.75, ,Colombia
Artisan du Chocolat,2011,72.0,U.K.,4.0, ,Haiti
Artisan du Chocolat,2011,72.0,U.K.,2.75, ,Panama
Artisan du Chocolat,2010,100.0,U.K.,1.75, ,Venezuela
Artisan du Chocolat,2010,72.0,U.K.,3.75,Trinitario,Jamaica
Artisan du Chocolat,2010,72.0,U.K.,3.25, ,Costa Rica
Artisan du Chocolat,2010,72.0,U.K.,3.25,Trinitario,Vietnam
Artisan du Chocolat,2010,72.0,U.K.,3.5, ,Indonesia
Artisan du Chocolat,2009,75.0,U.K.,2.5,"Criollo, Trinitario",Venezuela
Artisan du Chocolat,2009,72.0,U.K.,2.75,Trinitario,Indonesia
Artisan du Chocolat,2009,72.0,U.K.,1.75, ,Brazil
Artisan du Chocolat,2009,80.0,U.K.,3.0,"Criollo, Trinitario",Madagascar
Artisan du Chocolat,2009,75.0,U.K.,3.0,Criollo,Peru
Artisan du Chocolat,2009,72.0,U.K.,3.25,Trinitario,Dominican Republic
Artisan du Chocolat,2008,72.0,U.K.,3.75,Forastero,Congo
Artisan du Chocolat (Casa Luker),2013,72.0,U.K.,2.75,Trinitario,Colombia
Askinosie,2016,68.0,U.S.A.,3.75,Trinitario,Tanzania
Askinosie,2011,72.0,U.S.A.,3.75,Trinitario,Tanzania
Askinosie,2011,70.0,U.S.A.,3.75,Trinitario,Honduras
Askinosie,2009,77.0,U.S.A.,3.75,Trinitario,Philippines
Askinosie,2007,75.0,U.S.A.,2.5,Trinitario,Mexico
Askinosie,2007,70.0,U.S.A.,3.0,Forastero (Arriba),Ecuador
Bahen & Co.,2015,80.0,Australia,3.25, , 
Bahen & Co.,2015,70.0,Australia,3.5, ,Papua New Guinea
Bahen & Co.,2012,70.0,Australia,3.0,Trinitario,Madagascar
Bahen & Co.,2012,70.0,Australia,2.5, ,Brazil
Bahen & Co.,2012,70.0,Australia,2.5,Blend, 
Bakau,2015,70.0,Peru,2.75, ,Peru
Bakau,2015,70.0,Peru,3.5, ,Peru
Bar Au Chocolat,2015,70.0,U.S.A.,3.5, ,Brazil
Bar Au Chocolat,2014,70.0,U.S.A.,4.0,Forastero (Nacional),Peru
Bar Au Chocolat,2012,70.0,U.S.A.,3.25, ,Dominican Republic
Bar Au Chocolat,2012,70.0,U.S.A.,3.5, ,Mexico
Bar Au Chocolat,2012,70.0,U.S.A.,3.75,Trinitario,Madagascar
Baravelli's,2012,80.0,Wales,2.75, ,Costa Rica
Batch,2016,65.0,U.S.A.,3.5, ,Domincan Republic
Batch,2016,70.0,U.S.A.,3.75, ,Brazil
Batch,2016,65.0,U.S.A.,3.25, ,Ecuador
Beau Cacao,2017,73.0,U.K.,3.0, ,Malaysia
Beau Cacao,2017,72.0,U.K.,3.25, ,Malaysia
Beehive,2016,80.0,U.S.A.,2.75, ,Brazil
Beehive,2016,70.0,U.S.A.,2.75, ,Domincan Republic
Beehive,2016,70.0,U.S.A.,2.75, ,Ecuador
Beehive,2016,90.0,U.S.A.,2.75, ,Ecuador
Belcolade,2010,64.0,Belgium,2.75, ,Costa Rica
Belcolade,2010,64.0,Belgium,2.75, ,Papua New Guinea
Belcolade,2010,64.0,Belgium,2.75, ,Peru
Belcolade,2010,71.0,Belgium,3.5, ,Ecuador
Bellflower,2016,70.0,U.S.A.,3.5,"Criollo, Trinitario",Tanzania
Bellflower,2016,70.0,U.S.A.,3.25, ,Bolivia
Bellflower,2016,70.0,U.S.A.,3.5, ,Domincan Republic
Belyzium,2016,83.0,Germany,2.75,Trinitario,Belize
Belyzium,2016,78.0,Germany,3.0,Trinitario,Belize
Belyzium,2016,83.0,Germany,3.5,Trinitario,Belize
Benoit Nihant,2013,74.0,Belgium,3.5,Trinitario,Cuba
Benoit Nihant,2013,74.0,Belgium,3.5,Criollo,Venezuela
Benoit Nihant,2013,74.0,Belgium,3.5,Criollo,Venezuela
Benoit Nihant,2013,73.0,Belgium,4.0,Trinitario,Ecuador
Benoit Nihant,2011,72.0,Belgium,4.0,Trinitario,Indonesia
Benoit Nihant,2011,72.0,Belgium,3.75,Trinitario,Madagascar
Bernachon,2012,55.0,France,2.75, , 
Beschle (Felchlin),2011,64.0,Switzerland,3.0,Trinitario,Madagascar
Beschle (Felchlin),2011,88.0,Switzerland,3.0,Criollo,Venezuela
Beschle (Felchlin),2011,72.0,Switzerland,3.5, ,Venezuela
Beschle (Felchlin),2011,72.0,Switzerland,4.0, ,Ecuador
Beschle (Felchlin),2010,70.0,Switzerland,3.25,Trinitario,Venezuela
Beschle (Felchlin),2010,74.0,Switzerland,3.25,Criollo (Porcelana),Venezuela
Beschle (Felchlin),2010,64.0,Switzerland,3.5, ,Indonesia
Beschle (Felchlin),2010,72.0,Switzerland,3.5, ,Venezuela
Bisou,2015,76.0,U.S.A.,2.5, ,Nicaragua
Bisou,2015,76.0,U.S.A.,2.5, ,Costa Rica
Bisou,2015,78.0,U.S.A.,2.5, ,Costa Rica
Bisou,2015,86.0,U.S.A.,3.25,Trinitario,Belize
Bittersweet Origins,2012,72.0,U.S.A.,3.5,Forastero,Ghana
Bittersweet Origins,2010,75.0,U.S.A.,3.25, ,Indonesia
Bittersweet Origins,2010,70.0,U.S.A.,3.75,Blend,"Dominican Rep., Bali"
Bittersweet Origins,2010,65.0,U.S.A.,2.75, ,Indonesia
Bittersweet Origins,2010,70.0,U.S.A.,3.0,Trinitario,Madagascar
Bittersweet Origins,2010,78.0,U.S.A.,3.0,Criollo,Venezuela
Bittersweet Origins,2009,75.0,U.S.A.,3.0, ,Dominican Republic
Bittersweet Origins,2009,65.0,U.S.A.,3.5, ,Dominican Republic
Bittersweet Origins,2009,75.0,U.S.A.,3.25,Trinitario,Madagascar
Bittersweet Origins,2009,65.0,U.S.A.,3.5,Trinitario,Madagascar
Bittersweet Origins,2008,71.0,U.S.A.,3.0,Trinitario,Madagascar
Bittersweet Origins,2008,75.0,U.S.A.,3.5, ,Panama
Bittersweet Origins,2008,68.0,U.S.A.,3.75, ,Dominican Republic
Bittersweet Origins,2008,70.0,U.S.A.,3.0,Forastero,Ghana
Black Mountain,2008,70.0,U.S.A.,2.75, ,Dominican Republic
Black Mountain,2008,70.0,U.S.A.,2.75,Trinitario,Venezuela
Black Mountain,2008,70.0,U.S.A.,3.0, ,Nicaragua
Black River (A. Morin),2014,70.0,U.K.,2.75,Trinitario,Jamaica
Blanxart,2013,82.0,Spain,3.5,Forastero,Congo
Blanxart,2009,72.0,Spain,2.75, , 
Blue Bandana,2016,82.0,U.S.A.,3.5,Trinitario,Madagascar
Blue Bandana,2016,75.0,U.S.A.,2.75, ,Guatemala
Blue Bandana,2016,75.0,U.S.A.,3.5, ,Tanzania
Blue Bandana,2016,75.0,U.S.A.,3.0, ,Dominican Republic
Blue Bandana,2012,70.0,U.S.A.,3.5, ,Guatemala
Blue Bandana,2012,70.0,U.S.A.,3.75,Trinitario,Madagascar
Bonnat,2016,75.0,France,3.5, ,Mexico
Bonnat,2014,75.0,France,4.0, ,Brazil
Bonnat,2014,75.0,France,3.25, ,Dominican Republic
Bonnat,2014,65.0,France,3.75, ,"Venez,Africa,Brasil,Peru,Mex"
Bonnat,2013,75.0,France,3.5, ,Brazil
Bonnat,2013,75.0,France,3.25, ,Gabon
Bonnat,2011,75.0,France,3.5,Trinitario,Cuba
Bonnat,2011,75.0,France,3.5, ,Peru
Bonnat,2011,75.0,France,3.5,Forastero (Nacional),Peru
Bonnat,2011,75.0,France,3.75, ,Brazil
Bonnat,2011,75.0,France,4.0, ,Haiti
Bonnat,2011,75.0,France,4.0,Criollo,Madagascar
Bonnat,2011,75.0,France,3.5, ,Brazil
Bonnat,2011,75.0,France,3.25,Trinitario,Jamaica
Bonnat,2009,75.0,France,3.0, ,Ivory Coast
Bonnat,2009,75.0,France,2.75,Criollo,Peru
Bonnat,2009,75.0,France,3.0,Criollo,Mexico
Bonnat,2009,75.0,France,3.0,Criollo,Mexico
Bonnat,2008,75.0,France,4.0,Criollo (Porcelana),Venezuela
Bonnat,2007,75.0,France,2.5,Forastero (Arriba),Ecuador
Bonnat,2006,75.0,France,3.75,Trinitario,Carribean
Bonnat,2006,75.0,France,4.0, ,Venezuela
Bonnat,2006,75.0,France,4.0,Criollo,Venezuela
Bonnat,2006,75.0,France,4.0,Trinitario,Madagascar
Bonnat,2006,100.0,France,1.5, , 
Bonnat,2006,75.0,France,3.0, ,Sri Lanka
Bonnat,2006,75.0,France,4.0,Trinitario,Venezuela
Bouga Cacao (Tulicorp),2009,77.0,Ecuador,3.25,Forastero (Arriba),Ecuador
Bouga Cacao (Tulicorp),2009,100.0,Ecuador,1.5,Forastero (Arriba),Ecuador
Bowler Man,2014,70.0,U.S.A.,2.75,Trinitario,Belize
Bowler Man,2014,70.0,U.S.A.,2.75, ,Dominican Republic
Brasstown aka It's Chocolate,2016,70.0,U.S.A.,3.5,Criollo,Venezuela
Brasstown aka It's Chocolate,2016,70.0,U.S.A.,3.75, ,Nicaragua
Brasstown aka It's Chocolate,2015,68.0,U.S.A.,3.75, ,Dominican Republic
Brasstown aka It's Chocolate,2014,70.0,U.S.A.,3.75,Trinitario,Belize
Brasstown aka It's Chocolate,2014,70.0,U.S.A.,4.0,Trinitario,Venezuela
Brasstown aka It's Chocolate,2013,72.0,U.S.A.,3.0,Trinitario,Dominican Republic
Brasstown aka It's Chocolate,2013,70.0,U.S.A.,3.25, ,Ecuador
Brasstown aka It's Chocolate,2013,75.0,U.S.A.,3.5,Forastero,Ghana
Brasstown aka It's Chocolate,2013,85.0,U.S.A.,3.5,Trinitario,Venezuela
Brazen,2015,60.0,U.S.A.,3.0, ,Dominican Republic
Brazen,2015,80.0,U.S.A.,3.25, ,Dominican Republic
Brazen,2015,70.0,U.S.A.,3.5, ,Guatemala
Brazen,2015,80.0,U.S.A.,2.75, ,Madagascar
Brazen,2015,80.0,U.S.A.,3.25,Trinitario,Belize
Brazen,2015,60.0,U.S.A.,3.25, ,Madagascar
Breeze Mill,2013,70.0,U.S.A.,3.0,Trinitario,Jamaica
Bright,2014,72.0,Australia,3.0,Trinitario,Madagascar
Bright,2014,70.0,Australia,3.5, ,Dominican Republic
Bright,2014,72.0,Australia,3.5, ,Ecuador
Bright,2014,68.0,Australia,2.75,Trinitario,Trinidad
Britarev,2015,70.0,Russia,3.25, ,Ecuador
Bronx Grrl Chocolate,2013,68.0,U.S.A.,2.75, ,Dominican Republic
Burnt Fork Bend,2014,72.0,U.S.A.,3.25,Trinitario,Trinidad
Burnt Fork Bend,2014,72.0,U.S.A.,3.5, ,Ecuador
Burnt Fork Bend,2014,72.0,U.S.A.,3.25,Trinitario,Belize
Burnt Fork Bend,2014,72.0,U.S.A.,3.25,Blend, 
Burnt Fork Bend,2014,60.0,U.S.A.,2.5, ,Ecuador
Cacao Arabuco,2015,70.0,Puerto Rico,2.5, ,Puerto Rico
Cacao Atlanta,2014,75.0,U.S.A.,2.5,Criollo,Peru
Cacao Atlanta,2010,75.0,U.S.A.,2.5, ,Dominican Republic
Cacao Atlanta,2010,75.0,U.S.A.,2.75, ,Dominican Republic
Cacao Atlanta,2010,75.0,U.S.A.,2.25, ,Venezuela
Cacao Barry,2016,65.0,France,3.5,"Trinitario, Criollo",Haiti
Cacao Barry,2010,70.0,France,3.0, ,Dominican Republic
Cacao Barry,2008,75.0,France,2.0, ,Tanzania
Cacao Barry,2007,72.0,France,2.0, ,Venezuela
Cacao Barry,2007,66.0,France,3.0, ,Mexico
Cacao de Origen,2015,77.0,Venezuela,3.5,Trinitario,Venezuela
Cacao de Origen,2015,75.0,Venezuela,3.25,Trinitario,Venezuela
Cacao de Origen,2014,75.0,Venezuela,2.5, ,Venezuela
Cacao de Origen,2014,74.0,Venezuela,3.25, ,Venezuela
Cacao de Origen,2014,75.0,Venezuela,3.5,Trinitario,Venezuela
Cacao de Origen,2014,70.0,Venezuela,3.75,Trinitario,Venezuela
Cacao de Origin,2015,74.0,Venezuela,3.25, ,Venezuela
Cacao Hunters,2016,71.0,Colombia,3.75, ,Colombia
Cacao Hunters,2016,74.0,Colombia,3.75, ,Colombia
Cacao Hunters,2015,72.0,Colombia,3.75, ,Colombia
Cacao Hunters,2014,64.0,Colombia,3.5, ,Colombia
Cacao Hunters,2014,70.0,Colombia,3.5, ,Colombia
Cacao Hunters,2014,69.0,Colombia,2.75, ,Colombia
Cacao Hunters,2014,70.0,Colombia,3.25, ,Colombia
Cacao Market,2016,70.0,U.S.A.,3.5,Trinitario,Honduras
Cacao Prieto,2012,72.0,U.S.A.,3.75,Criollo,Dominican Republic
Cacao Prieto,2011,72.0,U.S.A.,3.0, ,Dominican Republic
Cacao Prieto,2011,66.0,U.S.A.,3.75, ,Dominican Republic
Cacao Prieto,2011,65.0,U.S.A.,3.25, ,Dominican Republic
Cacao Sampaka,2016,70.0,Spain,3.5,Criollo,Congo
Cacao Sampaka,2010,71.0,Spain,3.5,Trinitario,Madagascar
Cacao Sampaka,2010,71.0,Spain,3.75, ,Ecuador
Cacao Sampaka,2010,71.0,Spain,4.0, ,Papua New Guinea
Cacao Sampaka,2010,71.0,Spain,3.25,Trinitario,Grenada
Cacao Sampaka,2010,71.0,Spain,3.5, ,Venezuela
Cacao Sampaka,2010,77.0,Spain,3.5, ,Venezuela
Cacao Sampaka,2009,70.0,Spain,4.0,Criollo,Mexico
Cacao Sampaka,2009,70.0,Spain,4.0,Criollo,Mexico
Cacao Store,2015,70.0,Japan,3.0,Trinitario,Madagascar
Cacao Store,2015,70.0,Japan,3.25, ,Peru
Cacao Store,2015,70.0,Japan,3.5,Trinitario,Vietnam
Cacaosuyo (Theobroma Inversiones),2013,70.0,Peru,3.25, ,Peru
Cacaoyere (Ecuatoriana),2008,63.0,Ecuador,3.5,Forastero (Arriba),Ecuador
Cacaoyere (Ecuatoriana),2008,71.0,Ecuador,3.5,Forastero (Arriba),Ecuador
Cacaoyere (Ecuatoriana),2008,82.0,Ecuador,2.5,Forastero (Arriba),Ecuador
Cacaoyere (Ecuatoriana),2008,91.0,Ecuador,1.5,Forastero (Arriba),Ecuador
Callebaut,2008,60.0,Belgium,2.75,Trinitario,Grenada
Callebaut,2007,70.0,Belgium,1.0, ,Ecuador
C-Amaro,2014,75.0,Italy,2.5, ,Cuba
C-Amaro,2014,72.0,Italy,3.0, ,Dominican Republic
C-Amaro,2014,70.0,Italy,3.5,Blend, 
C-Amaro,2013,100.0,Italy,3.5, ,Ecuador
C-Amaro,2012,80.0,Italy,3.0, ,Venezuela
C-Amaro,2011,78.0,Italy,2.25,Forastero,Sao Tome
C-Amaro,2011,70.0,Italy,2.5,Trinitario,Trinidad
Cao,2016,75.0,U.S.A.,2.5,Criollo,Venezuela
Cao,2016,73.0,U.S.A.,2.75, ,Tanzania
Cao,2016,70.0,U.S.A.,3.0,Criollo,Venezuela
Cao,2016,75.0,U.S.A.,3.0, ,Bolivia
Cao,2016,70.0,U.S.A.,3.25,Trinitario,Brazil
Caoni (Tulicorp),2008,77.0,Ecuador,2.0,Forastero (Arriba),Ecuador
Caoni (Tulicorp),2008,77.0,Ecuador,2.5,Forastero (Arriba),Ecuador
Caoni (Tulicorp),2008,77.0,Ecuador,2.75,Forastero (Arriba),Ecuador
Caoni (Tulicorp),2008,55.0,Ecuador,3.0,Forastero (Arriba),Ecuador
Caoni (Tulicorp),2008,55.0,Ecuador,3.25,Forastero (Arriba),Ecuador
Caoni (Tulicorp),2008,55.0,Ecuador,3.5,Forastero (Arriba),Ecuador
Captain Pembleton,2014,70.0,New Zealand,3.5,Trinitario,Papua New Guinea
Captain Pembleton,2014,70.0,New Zealand,3.75, ,Papua New Guinea
Caribeans,2015,72.0,Costa Rica,3.5, ,Guatemala
Caribeans,2015,72.0,Costa Rica,3.25, ,Costa Rica
Caribeans,2015,72.0,Costa Rica,3.5, ,Costa Rica
Caribeans,2012,72.0,Costa Rica,3.0,Forastero,Costa Rica
Caribeans,2012,80.0,Costa Rica,2.75,Forastero,Costa Rica
Carlotta Chocolat,2016,65.0,Colombia,3.0,Trinitario,Colombia
Carlotta Chocolat,2016,65.0,Colombia,3.25,Trinitario,Colombia
Carlotta Chocolat,2016,65.0,Colombia,3.25,Trinitario,Colombia
Carlotta Chocolat,2016,65.0,Colombia,3.5,Trinitario,Colombia
Carlotta Chocolat,2016,65.0,Colombia,3.5,CCN51,Colombia
Castronovo,2016,72.0,U.S.A.,4.0,Trinitario,Belize
Castronovo,2015,72.0,U.S.A.,3.5,Trinitario,Honduras
Castronovo,2015,70.0,U.S.A.,3.75,"Criollo, Trinitario",Domincan Republic
Castronovo,2015,72.0,U.S.A.,3.5, ,Venezuela
Castronovo,2014,72.0,U.S.A.,3.5,"Criollo, Trinitario",Colombia
Castronovo,2014,76.0,U.S.A.,3.5,"Criollo, Trinitario",Colombia
Castronovo,2014,70.0,U.S.A.,2.75,Trinitario,Dominican Republic
Castronovo,2013,70.0,U.S.A.,3.0,Trinitario,Bolivia
Castronovo,2013,73.0,U.S.A.,3.5,Trinitario,Dominican Republic
Castronovo,2013,70.0,U.S.A.,2.5,Criollo,Peru
Castronovo,2013,70.0,U.S.A.,3.25, ,Venezuela
Castronovo,2013,72.0,U.S.A.,3.25,Trinitario,Nicaragua
Castronovo,2013,70.0,U.S.A.,2.75,Criollo,Peru
Castronovo,2013,72.0,U.S.A.,3.0, ,Venezuela
Cello,2014,70.0,U.S.A.,2.5, ,Ecuador
Cello,2014,70.0,U.S.A.,2.75, ,Peru
Cello,2014,70.0,U.S.A.,2.75, ,Venezuela
Cello,2014,70.0,U.S.A.,3.0, ,Bolivia
Cemoi,2009,72.0,France,2.75, ,Ecuador
Chaleur B,2014,70.0,Canada,2.75,Forastero,Uganda
Charm School,2016,70.0,U.S.A.,3.25, ,Belize
Chchukululu (Tulicorp),2010,55.0,Ecuador,2.75,Forastero (Arriba),Ecuador
Chchukululu (Tulicorp),2008,75.0,Ecuador,3.0,Forastero (Arriba),Ecuador
Chequessett,2014,70.0,U.S.A.,3.5, ,Costa Rica
Chloe Chocolat,2011,70.0,France,3.5, , 
Chocablog,2015,70.0,U.K.,3.25, ,Ecuador
Choco Del Sol,2014,75.0,Germany,3.0,Trinitario,Belize
Choco Del Sol,2014,82.0,Germany,3.25,Trinitario,Belize
Choco Dong,2015,70.0,South Korea,2.75,Trinitario,Vietnam
Choco Dong,2015,70.0,South Korea,3.5,Trinitario,Malaysia
Chocolarder,2015,65.0,U.K.,2.5,Criollo,Peru
Chocolarder,2015,65.0,U.K.,2.75,Criollo,Peru
Chocolarder,2015,80.0,U.K.,2.5, ,Dominican Republic
Chocola'te,2011,70.0,U.S.A.,3.75,Trinitario,Madagascar
Chocola'te,2011,68.0,U.S.A.,3.75, ,Venezuela
Chocolate Alchemist-Philly,2016,90.0,U.S.A.,2.5, ,Peru
Chocolate Alchemist-Philly,2016,80.0,U.S.A.,2.5, , 
Chocolate Con Amor,2016,70.0,U.S.A.,2.5, ,Bolivia
Chocolate Con Amor,2016,70.0,U.S.A.,2.75, ,Uganda
Chocolate Con Amor,2016,60.0,U.S.A.,3.0, ,Dominican Republic
Chocolate Con Amor,2016,75.0,U.S.A.,3.0, ,Dominican Republic
Chocolate Con Amor,2016,80.0,U.S.A.,3.0,Criollo (Ocumare),Venezuela
Chocolate Con Amor,2016,70.0,U.S.A.,3.25, ,Ecuador
Chocolate Con Amor,2016,80.0,U.S.A.,2.75, ,Nicaragua
Chocolate Conspiracy,2014,74.0,U.S.A.,2.75, ,Peru
Chocolate Makers,2015,75.0,Amsterdam,3.25,Trinitario,Dominican Republic
Chocolate Makers,2015,68.0,Amsterdam,3.5,Forastero,Congo
Chocolate Makers,2015,80.0,Amsterdam,3.75,Criollo,Peru
"Chocolate Tree, The",2015,69.0,Scotland,3.75,Forastero (Nacional),Peru
"Chocolate Tree, The",2015,80.0,Scotland,3.75,Trinitario,Venezuela
"Chocolate Tree, The",2013,70.0,Scotland,3.75,Forastero (Nacional),Peru
"Chocolate Tree, The",2012,82.0,Scotland,2.5,Forastero (Arriba),Ecuador
"Chocolate Tree, The",2012,68.0,Scotland,2.75,Criollo,Peru
"Chocolate Tree, The",2012,72.0,Scotland,3.25,Criollo,Madagascar
Chocolats Privilege,2014,70.0,Canada,2.5,Criollo,Mexico
ChocoReko,2015,77.0,Japan,3.0,Criollo,Venezuela
Chocosol,2011,65.0,Canada,3.25, ,Mexico
Chocovic,2010,71.0,Spain,3.25,Criollo,Mexico
Chocovic,2010,71.0,Spain,3.5,Trinitario,Madagascar
Chocovic,2009,60.0,Spain,3.25, , 
Chocovic,2009,75.0,Spain,3.25, , 
Chocovic,2008,71.0,Spain,3.5,Criollo,Venezuela
Chocovic,2007,71.0,Spain,2.5,Forastero (Arriba),Ecuador
Chocovic,2007,71.0,Spain,2.5,Trinitario,Grenada
Chocovic,2007,70.0,Spain,3.0,Blend, 
Chocovivo,2015,65.0,U.S.A.,2.5,Trinitario,Mexico
Chocovivo,2015,75.0,U.S.A.,2.5,Trinitario,Mexico
Choklat,2009,80.0,Canada,2.5,Criollo,Venezuela
Choklat,2009,70.0,Canada,2.75,Criollo,Mexico
Choklat,2009,70.0,Canada,3.0, ,Brazil
Choklat,2009,80.0,Canada,3.0, ,Brazil
Choklat,2009,70.0,Canada,3.0,Criollo,Venezuela
Chokolat Elot (Girard),2013,42.0,Martinique,2.75, ,Martinique
Choocsol,2016,75.0,Canada,3.25, ,Mexico
Christopher Morel (Felchlin),2011,68.0,Canada,3.75,Forastero (Nacional),Peru
Chuao Chocolatier,2009,61.0,U.S.A.,3.0,Criollo,Venezuela
Chuao Chocolatier (Pralus),2010,77.0,U.S.A.,2.75,Trinitario,Venezuela
Claudio Corallo,2010,73.5,Sao Tome,3.75,Forastero,Sao Tome & Principe
Claudio Corallo,2008,80.0,Sao Tome,3.0,Forastero,Sao Tome & Principe
Claudio Corallo,2008,75.0,Sao Tome,4.0,Forastero,Sao Tome & Principe
Claudio Corallo,2008,100.0,Sao Tome,1.0,Forastero,Sao Tome & Principe
Cloudforest,2015,73.0,U.S.A.,3.5, ,Ecuador
Coleman & Davis,2015,75.0,U.S.A.,3.0,Trinitario,Madagascar
Compania de Chocolate (Salgado),2010,70.0,Argentina,3.25, ,Venezuela
Compania de Chocolate (Salgado),2008,80.0,Argentina,2.75,Trinitario,Venezuela
Compania de Chocolate (Salgado),2008,72.0,Argentina,3.25, ,Bolivia
Compania de Chocolate (Salgado),2008,70.0,Argentina,3.75,Criollo,Venezuela
Compania de Chocolate (Salgado),2008,88.0,Argentina,2.75,Forastero (Nacional),Ecuador
Condor,2015,76.0,U.S.A.,3.5, ,Ecuador
Confluence,2016,78.0,U.S.A.,2.75,Trinitario,Vietnam
Coppeneur,2013,65.0,Germany,3.25,Forastero (Nacional),Ecuador
Coppeneur,2012,85.0,Germany,3.5,Forastero,Ghana
Coppeneur,2012,100.0,Germany,1.5, ,Ecuador
Coppeneur,2012,72.0,Germany,3.75,Forastero,Sao Tome & Principe
Coppeneur,2012,70.0,Germany,3.5,Trinitario,Madagascar
Coppeneur,2010,72.0,Germany,3.25,Trinitario,Grenada
Coppeneur,2010,70.0,Germany,3.0,Trinitario,Venezuela
Coppeneur,2010,72.0,Germany,2.5,Nacional,Ecuador
Coppeneur,2010,72.0,Germany,3.0,Trinitario,Trinidad
Coppeneur,2010,72.0,Germany,3.25,Trinitario,Jamaica
Coppeneur,2010,72.0,Germany,3.25,Criollo (Ocumare 61),Venezuela
Coppeneur,2009,72.0,Germany,3.0,Criollo,Peru
Coppeneur,2009,62.0,Germany,3.25,Criollo,Peru
Coppeneur,2009,70.0,Germany,3.5,"Criollo, Trinitario",Venezuela
Coppeneur,2009,70.0,Germany,3.75,"Criollo, Trinitario",Venezuela
Coppeneur,2008,72.0,Germany,3.0,Criollo,Mexico
Coppeneur,2008,72.0,Germany,3.0,Criollo (Porcelana),Venezuela
Coppeneur,2007,72.0,Germany,3.0,Trinitario,Madagascar
Cote d' Or (Kraft),2006,70.0,Belgium,1.0, , 
Cravve,2014,70.0,Australia,2.5,Forastero,Papua New Guinea
Cravve,2014,83.0,Australia,2.75,Trinitario,Vanuatu
Cravve,2012,75.0,Australia,3.25,Forastero,Tanzania
Cravve,2012,65.0,Australia,3.25,Trinitario,Brazil
Cravve,2012,67.0,Australia,3.25,Trinitario,Fiji
Cravve,2012,64.0,Australia,3.25,Trinitario,Vanuatu
Cravve,2012,75.0,Australia,3.5,Forastero,Papua New Guinea
Creo,2016,85.0,U.S.A.,3.25,Forastero (Nacional),Ecuador
Creo,2016,73.0,U.S.A.,3.75,Forastero (Nacional),Ecuador
Daintree,2015,70.0,Australia,2.75, ,Australia
Daintree,2011,70.0,Australia,3.25, ,Australia
Dalloway,2017,72.0,U.S.A.,2.75, ,Dominican Republic
Damson,2015,70.0,U.K.,3.0,Trinitario,Trinidad
Damson,2015,70.0,U.K.,3.5, ,Ecuador
Damson,2015,70.0,U.K.,2.25, ,Grenada
Damson,2015,70.0,U.K.,2.75, ,Nicaragua
Dandelion,2016,70.0,U.S.A.,3.75, , 
Dandelion,2015,70.0,U.S.A.,3.0,Trinitario,Belize
Dandelion,2014,70.0,U.S.A.,3.5,Trinitario,Belize
Dandelion,2014,70.0,U.S.A.,3.5, ,Ecuador
Dandelion,2014,70.0,U.S.A.,2.75, ,Liberia
Dandelion,2014,70.0,U.S.A.,3.75, ,Dominican Republic
Dandelion,2013,70.0,U.S.A.,2.75, ,Venezuela
Dandelion,2013,70.0,U.S.A.,3.25, ,Venezuela
Dandelion,2013,70.0,U.S.A.,3.5, ,Venezuela
Dandelion,2013,70.0,U.S.A.,3.5, ,Papua New Guinea
Dandelion,2012,70.0,U.S.A.,3.0, ,Costa Rica
Dandelion,2012,70.0,U.S.A.,3.25, ,Colombia
Dandelion,2012,70.0,U.S.A.,3.75, ,Dominican Republic
Dandelion,2011,70.0,U.S.A.,3.25, ,Dominican Republic
Dandelion,2011,70.0,U.S.A.,3.25,Trinitario,Madagascar
Dandelion,2011,70.0,U.S.A.,3.25, ,Tanzania
Danta,2014,82.0,Guatemala,3.25, ,Guatemala
Danta,2012,75.0,Guatemala,3.0,Trinitario,Venezuela
Danta,2012,70.0,Guatemala,3.75, ,Guatemala
Danta,2012,70.0,Guatemala,3.75,Trinitario,Madagascar
Danta,2012,70.0,Guatemala,4.0,Criollo,Guatemala
Danta,2012,70.0,Guatemala,3.25, ,Guatemala
Danta,2011,60.0,Guatemala,3.5, ,Guatemala
Danta,2009,75.0,Guatemala,3.0,Criollo,Guatemala
Danta,2009,60.0,Guatemala,3.25,Criollo,Guatemala
DAR,2016,72.0,U.S.A.,2.75, ,Venezuela
DAR,2016,72.0,U.S.A.,3.0,Trinitario,Vietnam
DAR,2016,70.0,U.S.A.,3.25, ,"Ecuador, Costa Rica"
Dark Forest,2016,75.0,U.S.A.,3.25, ,Bolivia
Dark Forest,2015,70.0,U.S.A.,3.0,Trinitario,Madagascar
Dark Forest,2015,70.0,U.S.A.,3.25, ,Venezuela
Dark Forest,2015,70.0,U.S.A.,3.0, ,Tanzania
Dark Forest,2015,70.0,U.S.A.,3.25, ,Ecuador
Davis,2013,70.0,U.S.A.,2.5,Forastero,Ghana
Davis,2013,70.0,U.S.A.,2.75, ,Dominican Republic
Davis,2013,70.0,U.S.A.,2.75, ,Venezuela
Davis,2012,58.0,U.S.A.,3.25,Forastero,West Africa
De Mendes,2015,72.0,Brazil,3.5, ,Brazil
De Mendes,2015,65.0,Brazil,3.5, ,Brazil
De Villiers,2016,70.0,South Africa,2.5,Forastero,Uganda
De Villiers,2016,70.0,South Africa,3.0, ,Madagascar
Dean and Deluca (Belcolade),2007,66.0,U.S.A.,2.5,Trinitario,Madagascar
Dean and Deluca (Belcolade),2007,64.0,U.S.A.,3.0, ,Costa Rica
Dean and Deluca (Belcolade),2007,71.0,U.S.A.,3.0, ,Ecuador
Dean and Deluca (Belcolade),2007,60.0,U.S.A.,3.0,Forastero,Ghana
Dean and Deluca (Belcolade),2007,64.0,U.S.A.,3.0, ,Papua New Guinea
Dean and Deluca (Belcolade),2007,64.0,U.S.A.,3.0, ,Peru
Debauve & Gallais (Michel Cluizel),2009,64.0,France,3.0, ,Papua New Guinea
Debauve & Gallais (Michel Cluizel),2008,66.0,France,3.75, ,Venezuela
Desbarres,2016,72.0,Canada,2.5, ,Tanzania
DeVries,2008,80.0,U.S.A.,2.75, ,Bolivia
DeVries,2007,77.0,U.S.A.,3.5,Trinitario,Costa Rica
DeVries,2007,77.0,U.S.A.,3.5, ,Dominican Republic
Dick Taylor,2017,70.0,U.S.A.,3.75, ,Guatemala
Dick Taylor,2016,78.0,U.S.A.,3.5,Trinitario,Vietnam
Dick Taylor,2015,70.0,U.S.A.,3.75, ,Bolivia
Dick Taylor,2014,74.0,U.S.A.,3.5, ,Dominican Republic
Dick Taylor,2013,70.0,U.S.A.,3.25, ,Ecuador
Dick Taylor,2013,76.0,U.S.A.,3.5, ,Ecuador
Dick Taylor,2012,75.0,U.S.A.,2.75, ,Bolivia
Dick Taylor,2012,72.0,U.S.A.,2.75,Trinitario,Belize
Dick Taylor,2011,80.0,U.S.A.,2.75,Trinitario,Madagascar
Dick Taylor,2011,72.0,U.S.A.,3.0,Trinitario,Madagascar
Dick Taylor,2011,75.0,U.S.A.,2.75,Criollo,Venezuela
Dick Taylor,2011,74.0,U.S.A.,3.0, ,Dominican Republic
Dick Taylor,2011,70.0,U.S.A.,3.25, ,Ecuador
Doble & Bignall,2015,85.0,U.K.,3.0, ,Venezuela
Doble & Bignall,2014,72.0,U.K.,3.25, ,Panama
Doble & Bignall,2014,72.0,U.K.,3.25,Trinitario,Venezuela
Doble & Bignall,2014,72.0,U.K.,3.5,"Criollo, Trinitario",Nicaragua
Dole (Guittard),2009,70.0,U.S.A.,3.75, ,Hawaii
Dolfin (Belcolade),2008,88.0,Belgium,3.0,Forastero,West Africa
Dolfin (Belcolade),2006,70.0,Belgium,1.5, , 
Domori,2015,70.0,Italy,3.75, ,Ecuador
Domori,2015,70.0,Italy,3.75,Criollo (Ocumare 77),Venezuela
Domori,2013,100.0,Italy,3.0,Criollo,Venezuela
Domori,2012,70.0,Italy,3.5, ,Tanzania
Domori,2012,70.0,Italy,3.75,Criollo,Venezuela
Domori,2011,70.0,Italy,3.5,Criollo,Venezuela
Domori,2010,70.0,Italy,3.0,Trinitario,Venezuela
Domori,2008,70.0,Italy,3.0,Trinitario,Venezuela
Domori,2008,70.0,Italy,3.0, ,Colombia
Domori,2008,78.0,Italy,3.5,Blend, 
Domori,2008,70.0,Italy,3.75,Blend, 
Domori,2007,70.0,Italy,4.0,Criollo (Porcelana),Venezuela
Domori,2007,75.0,Italy,3.25,Criollo (Ocumare 61),Venezuela
Domori,2007,60.0,Italy,3.25,Trinitario,Venezuela
Domori,2007,70.0,Italy,3.5,Trinitario,Madagascar
Domori,2007,70.0,Italy,3.5,Criollo,Madagascar
Domori,2007,70.0,Italy,3.75,Criollo,Indonesia
Domori,2007,70.0,Italy,4.0,Forastero (Arriba),Ecuador
Domori,2007,70.0,Italy,4.0,Criollo (Ocumare 67),Venezuela
Domori,2006,70.0,Italy,3.0,Trinitario,Venezuela
Domori,2006,70.0,Italy,3.25,Trinitario,Peru
Domori,2006,70.0,Italy,3.5,Trinitario,Venezuela
Dormouse,2016,75.0,U.K.,2.75,Trinitario,Grenada
Dormouse,2015,70.0,U.K.,2.5,Trinitario,Venezuela
Dormouse,2015,80.0,U.K.,2.75,"Criollo, Trinitario",Colombia
Dormouse,2015,77.0,U.K.,2.75,"Criollo, Trinitario",Madagascar
Duffy's,2015,70.0,U.K.,4.0,Criollo,Guatemala
Duffy's,2014,70.0,U.K.,3.5,Criollo,Nicaragua
Duffy's,2014,76.0,U.K.,3.75,Criollo,Nicaragua
Duffy's,2012,72.0,U.K.,3.75, ,Venezuela
Duffy's,2011,72.0,U.K.,3.75,Criollo,Honduras
Duffy's,2011,65.0,U.K.,3.5, ,Dominican Republic
Duffy's,2011,72.0,U.K.,3.0, ,Panama
Duffy's,2011,71.0,U.K.,3.25,Criollo,Nicaragua
Duffy's,2011,71.0,U.K.,3.5, ,Venezuela
Duffy's,2010,70.0,U.K.,3.5, ,Panama
Duffy's,2010,72.0,U.K.,3.75, ,Ecuador
Duffy's,2010,70.0,U.K.,2.5, ,Ecuador
Duffy's,2010,70.0,U.K.,3.75, ,Peru
Dulcinea,2015,70.0,U.S.A.,3.25, ,Dominican Republic
Durand,2012,82.0,France,2.75,Trinitario,Madagascar
Durci,2015,70.0,U.S.A.,3.5,Forastero (Nacional),Peru
Durci,2015,70.0,U.S.A.,3.5,Trinitario,Venezuela
Durci,2015,70.0,U.S.A.,3.25, ,Domincan Republic
Durci,2015,70.0,U.S.A.,3.25,Trinitario,Venezuela
Durci,2015,70.0,U.S.A.,4.0, ,Ecuador
East Van Roasters,2014,70.0,Canada,3.25, ,Peru
East Van Roasters,2014,70.0,Canada,3.5,Trinitario,Madagascar
East Van Roasters,2014,70.0,Canada,3.75, ,Dominican Republic
Eau de Rose,2016,70.0,Canada,3.25, ,Colombia
Eau de Rose,2016,70.0,Canada,3.25, ,Colombia
Eclat (Felchlin),2012,72.0,U.S.A.,2.75,Forastero (Nacional),Peru
Edelmond,2016,68.0,Germany,3.0,Criollo,Venezuela
El Ceibo,2011,75.0,Bolivia,3.75, ,Bolivia
El Ceibo,2008,71.0,Bolivia,2.75, ,Bolivia
El Rey,2015,70.0,Venezuela,3.75, ,Venezuela
El Rey,2009,60.5,Venezuela,2.75,Trinitario,Venezuela
El Rey,2009,70.0,Venezuela,3.0,Trinitario,Venezuela
El Rey,2008,74.0,Venezuela,2.5,Criollo,Venezuela
El Rey,2008,58.0,Venezuela,2.5,Criollo,Venezuela
El Rey,2008,61.0,Venezuela,3.0,Criollo,Venezuela
El Rey,2006,70.0,Venezuela,2.75,Criollo,Venezuela
Emerald Estate,2013,60.0,St. Lucia,2.75, ,St. Lucia
Emerald Estate,2013,70.0,St. Lucia,3.25, ,St. Lucia
Emily's,2015,79.0,Japan,3.0, ,Venezuela
Emily's,2015,78.0,Japan,3.5,Criollo,Peru
ENNA,2016,75.0,U.S.A.,3.25, ,Honduras
Enric Rovira (Claudio Corallo),2010,80.0,Spain,3.25,Forastero,Sao Tome & Principe
Erithaj (A. Morin),2014,70.0,France,3.25,Trinitario,Vietnam
Erithaj (A. Morin),2014,80.0,France,3.0,Trinitario,Vietnam
Erithaj (A. Morin),2014,74.0,France,3.25,Trinitario,Vietnam
Escazu,2012,70.0,U.S.A.,2.75,Trinitario,Venezuela
Escazu,2009,65.0,U.S.A.,2.0, ,Costa Rica
Escazu,2009,81.0,U.S.A.,3.5,Criollo,Venezuela
Escazu,2009,74.0,U.S.A.,2.75, ,"Cost Rica, Ven"
Escazu,2008,72.0,U.S.A.,3.0,Criollo,Venezuela
Ethel's Artisan (Mars),2011,55.0,U.S.A.,2.5, ,"Peru, Madagascar"
Ethel's Artisan (Mars),2011,55.0,U.S.A.,2.5,Trinitario,Trinidad
Ethel's Artisan (Mars),2011,70.0,U.S.A.,2.5,Criollo (Porcelana),Venezuela
Ethel's Artisan (Mars),2011,62.0,U.S.A.,2.75, , 
Ethel's Artisan (Mars),2011,62.0,U.S.A.,2.5, ,"Venezuela, Trinidad"
Ethereal,2014,80.0,U.S.A.,3.0,Trinitario,Belize
Ethereal,2014,80.0,U.S.A.,3.5, ,Ecuador
Ethereal,2014,80.0,U.S.A.,3.75, ,Dominican Republic
Fearless (AMMA),2010,75.0,U.S.A.,2.75, ,Brazil
Feitoria Cacao,2016,76.0,Portugal,3.0, ,Jamaica
Feitoria Cacao,2016,76.0,Portugal,2.5, ,Venezuela
Feitoria Cacao,2016,76.0,Portugal,2.75,Trinitario,Belize
Felchlin,2010,58.0,Switzerland,3.5,Trinitario,Grenada
Felchlin,2006,62.0,Switzerland,2.0, , 
Felchlin,2006,74.0,Switzerland,3.0,"Trinitario, Criollo",Dominican Republic
Felchlin,2006,64.0,Switzerland,3.0,Criollo,Madagascar
Felchlin,2006,65.0,Switzerland,3.0,Criollo,Venezuela
Felchlin,2006,72.0,Switzerland,3.5,Forastero (Arriba),Ecuador
Felchlin,2006,68.0,Switzerland,4.0,Criollo (Wild),Bolivia
Finca,2014,65.0,U.S.A.,2.25, ,Puerto Rico
Finca,2014,80.0,U.S.A.,3.0, ,Dominican Republic
Finca,2014,70.0,U.S.A.,3.25, ,Dominican Republic
Finca,2014,85.0,U.S.A.,2.5, ,Dominican Republic
Forever Cacao,2014,72.0,U.K.,2.75,Criollo,Peru
Forteza (Cortes),2016,70.0,Puerto Rico,2.75, ,Domincan Republic
Forteza (Cortes),2016,80.0,Puerto Rico,2.75, ,Domincan Republic
Fossa,2016,70.0,Singapore,2.75, ,Madagascar
Fossa,2016,75.0,Singapore,3.5, ,Ecuador
Fossa,2016,67.0,Singapore,3.75,Trinitario,Tanzania
Franceschi,2014,70.0,Venezuela,3.5, ,Venezuela
Franceschi,2014,70.0,Venezuela,3.75, ,Venezuela
Franceschi,2012,70.0,Venezuela,3.75, ,Venezuela
Franceschi,2012,60.0,Venezuela,3.5, ,Venezuela
Frederic Blondeel,2015,70.0,Belgium,3.5, ,Costa Rica
Frederic Blondeel,2015,75.0,Belgium,3.5, ,Peru
Frederic Blondeel,2015,80.0,Belgium,3.0,Trinitario,Vietnam
Frederic Blondeel,2014,60.0,Belgium,3.5,Forastero,Ghana
Frederic Blondeel,2014,65.0,Belgium,3.5,Trinitario,Madagascar
French Broad,2017,70.0,U.S.A.,3.5, ,Peru
French Broad,2015,73.0,U.S.A.,3.5, ,Guatemala
French Broad,2014,80.0,U.S.A.,3.0, ,Costa Rica
French Broad,2014,68.0,U.S.A.,3.25, ,Nicaragua
French Broad,2013,66.0,U.S.A.,3.5, ,Peru
French Broad,2012,70.0,U.S.A.,2.5,Criollo,Peru
French Broad,2012,61.0,U.S.A.,3.5, ,Peru
French Broad,2012,81.0,U.S.A.,2.0, ,Peru
French Broad,2011,70.0,U.S.A.,3.5,Forastero (Nacional),Peru
French Broad,2011,65.0,U.S.A.,3.5, ,Dominican Republic
Fresco,2014,70.0,U.S.A.,3.0,Forastero (Nacional),Peru
Fresco,2014,70.0,U.S.A.,3.5,Forastero (Nacional),Peru
Fresco,2014,70.0,U.S.A.,3.5,Forastero (Nacional),Peru
Fresco,2014,70.0,U.S.A.,3.5,Forastero (Nacional),Peru
Fresco,2013,72.0,U.S.A.,3.25, ,Dominican Republic
Fresco,2013,72.0,U.S.A.,3.75, ,Dominican Republic
Fresco,2013,70.0,U.S.A.,3.75, ,Peru
Fresco,2013,70.0,U.S.A.,4.0,Trinitario,Peru
Fresco,2012,69.0,U.S.A.,3.5, ,Papua New Guinea
Fresco,2012,69.0,U.S.A.,3.5, ,Papua New Guinea
Fresco,2012,74.0,U.S.A.,4.0,Trinitario,Madagascar
Fresco,2012,69.0,U.S.A.,4.0,Trinitario,Papua New Guinea
Fresco,2012,69.0,U.S.A.,3.0,Trinitario,Papua New Guinea
Fresco,2011,74.0,U.S.A.,2.75,Forastero,Ghana
Fresco,2011,70.0,U.S.A.,3.25,Trinitario,Jamaica
Fresco,2011,72.0,U.S.A.,3.5, ,Dominican Republic
Fresco,2011,70.0,U.S.A.,3.5,Trinitario,Jamaica
Fresco,2011,74.0,U.S.A.,2.75,Trinitario,Madagascar
Fresco,2011,72.0,U.S.A.,3.25, ,Dominican Republic
Fresco,2011,74.0,U.S.A.,3.0,Trinitario,Madagascar
Fresco,2011,76.0,U.S.A.,3.25,Trinitario,Venezuela
Fresco,2011,70.0,U.S.A.,4.0,Trinitario,Venezuela
Fresco,2009,80.0,U.S.A.,2.75,Trinitario,Jamaica
Fresco,2009,70.0,U.S.A.,3.0,Trinitario,Jamaica
Fresco,2009,70.0,U.S.A.,3.25,Trinitario,Jamaica
Fresco,2009,65.0,U.S.A.,3.5,Criollo,Venezuela
Friis Holm,2016,70.0,Denmark,3.5, ,Nicaragua
Friis Holm (Bonnat),2015,60.0,Denmark,3.0, ,Nicaragua
Friis Holm (Bonnat),2015,85.0,Denmark,3.25, ,Nicaragua
Friis Holm (Bonnat),2014,70.0,Denmark,3.5, ,Nicaragua
Friis Holm (Bonnat),2013,70.0,Denmark,3.25, ,Nicaragua
Friis Holm (Bonnat),2013,70.0,Denmark,3.5, ,Nicaragua
Friis Holm (Bonnat),2012,70.0,Denmark,3.25,"Criollo, Trinitario",Nicaragua
Friis Holm (Bonnat),2012,70.0,Denmark,3.25,"Criollo, Trinitario",Honduras
Friis Holm (Bonnat),2012,70.0,Denmark,3.25,"Criollo, Trinitario",Nicaragua
Friis Holm (Bonnat),2012,70.0,Denmark,3.75, ,Nicaragua
Friis Holm (Bonnat),2011,70.0,Denmark,3.25,"Criollo, Trinitario",Nicaragua
Friis Holm (Bonnat),2011,70.0,Denmark,3.5,"Criollo, Trinitario",Nicaragua
Friis Holm (Bonnat),2011,70.0,Denmark,3.5,"Criollo, Trinitario",Nicaragua
Fruition,2016,74.0,U.S.A.,3.75,Beniano,Bolivia
Fruition,2016,74.0,U.S.A.,4.0,Amazon mix,Costa Rica
Fruition,2014,70.0,U.S.A.,3.75,Trinitario,Trinidad
Fruition,2014,76.0,U.S.A.,3.0,Forastero (Nacional),Peru
Fruition,2013,70.0,U.S.A.,3.75, ,Dominican Republic
Fruition,2013,75.0,U.S.A.,3.0, ,Ecuador
Fruition,2012,70.0,U.S.A.,2.5, ,Peru
Fruition,2011,66.0,U.S.A.,3.25,Trinitario,Costa Rica
Fruition,2011,70.0,U.S.A.,3.0, ,Costa Rica
Garden Island,2014,85.0,U.S.A.,2.5,Blend,Hawaii
Georgia Ramon,2015,65.0,Germany,3.25,Trinitario,Madagascar
Georgia Ramon,2015,70.0,Germany,4.0,Forastero,Ghana
Georgia Ramon,2015,70.0,Germany,3.5,Trinitario,Domincan Republic
Georgia Ramon,2015,80.0,Germany,3.5,Trinitario,Domincan Republic
Georgia Ramon,2015,75.0,Germany,3.5,Trinitario,Madagascar
Glennmade,2016,70.0,U.S.A.,3.5, ,Belize
Glennmade,2015,66.0,U.S.A.,3.0,"Trinitario, Forastero",Brazil
Goodnow Farms,2016,77.0,U.S.A.,2.75, ,Mexico
Goodnow Farms,2016,77.0,U.S.A.,3.25, ,Nicaragua
Goodnow Farms,2016,77.0,U.S.A.,3.25, ,Guatemala
Grand Place,2011,72.0,Vietnam,3.0,Trinitario,Vietnam
Green & Black's (ICAM),2006,70.0,U.K.,2.5, , 
Green Bean to Bar,2016,70.0,Japan,3.5, ,Madagascar
Grenada Chocolate Co.,2010,82.0,Grenada,3.25,Trinitario,Grenada
Grenada Chocolate Co.,2009,60.0,Grenada,2.75,Trinitario,Grenada
Grenada Chocolate Co.,2008,71.0,Grenada,2.5,Trinitario,Grenada
Guido Castagna,2009,64.0,Italy,3.0,Forastero (Arriba) ASS,Ecuador
Guido Castagna,2009,64.0,Italy,3.0,Forastero,Ghana
Guido Castagna,2009,64.0,Italy,3.0, ,"Trinidad, Tobago"
Guido Castagna,2009,76.0,Italy,3.0, ,Venezuela
Guido Castagna,2009,64.0,Italy,3.25, ,"Ven, Trinidad, Ecuador"
Guittard,2015,70.0,U.S.A.,3.75, , 
Guittard,2013,65.0,U.S.A.,2.75, ,Haiti
Guittard,2013,65.0,U.S.A.,2.75, ,Nicaragua
Guittard,2013,65.0,U.S.A.,3.25,Trinitario,Jamaica
Guittard,2013,65.0,U.S.A.,3.5, ,Ecuador
Guittard,2011,72.0,U.S.A.,2.75, , 
Guittard,2011,61.0,U.S.A.,3.25, , 
Guittard,2011,72.0,U.S.A.,3.25, , 
Guittard,2010,65.0,U.S.A.,3.0,Trinitario,Trinidad
Guittard,2009,55.0,U.S.A.,3.0, ,Hawaii
Guittard,2009,91.0,U.S.A.,3.0, , 
Guittard,2009,70.0,U.S.A.,3.5,Blend, 
Guittard,2008,65.0,U.S.A.,3.0, ,Peru
Guittard,2008,64.0,U.S.A.,3.0, , 
Guittard,2008,65.0,U.S.A.,3.5, ,Venezuela
Guittard,2007,72.0,U.S.A.,3.5,Blend, 
Guittard,2006,65.0,U.S.A.,3.0,Trinitario,Colombia
Guittard,2006,65.0,U.S.A.,2.5,"Trinitario, Criollo",Venezuela
Guittard,2006,65.0,U.S.A.,3.5,"Criollo, +",Madagascar
Guittard,2006,65.0,U.S.A.,3.5,Forastero (Arriba),Ecuador
Guittard,2006,61.0,U.S.A.,3.5,Blend, 
Guittard,2006,61.0,U.S.A.,3.0,Blend, 
Habitual,2014,80.0,Canada,2.75, ,Papua New Guinea
Habitual,2014,74.0,Canada,2.75, , 
Habitual,2014,75.0,Canada,3.25, ,Dominican Republic
Habitual,2014,70.0,Canada,3.5,Trinitario, 
Habitual,2014,65.0,Canada,2.75, , 
Habitual,2014,70.0,Canada,3.0, , 
Habitual,2014,80.0,Canada,3.0, , 
Habitual,2014,66.0,Canada,3.25, ,Hawaii
Habitual,2014,100.0,Canada,2.0, , 
Hachez,2007,77.0,Germany,2.5,Forastero (Arriba),Ecuador
Hacienda El Castillo,2014,55.0,Ecuador,2.75,Trinitario,Ecuador
Hacienda El Castillo,2014,70.0,Ecuador,3.0,Trinitario,Ecuador
Haigh,2011,70.0,Australia,3.0, ,"South America, Africa"
Harper Macaw,2016,85.0,U.S.A.,3.25, ,Brazil
Harper Macaw,2015,67.0,U.S.A.,3.0, ,Brazil
Harper Macaw,2015,77.0,U.S.A.,3.5, ,Brazil
Harper Macaw,2015,74.0,U.S.A.,3.5, ,Brazil
Heilemann,2016,64.0,Germany,2.75, ,Peru
Heirloom Cacao Preservation (Brasstown),2016,70.0,U.S.A.,3.25,Amazon,Belize
Heirloom Cacao Preservation (Fruition),2016,74.0,U.S.A.,3.5,Amazon mix,Costa Rica
Heirloom Cacao Preservation (Guittard),2014,67.0,U.S.A.,3.5,"Amazon, ICS",Bolivia
Heirloom Cacao Preservation (Guittard),2014,67.0,U.S.A.,3.0,Beniano,Bolivia
Heirloom Cacao Preservation (Guittard),2014,67.0,U.S.A.,3.75,EET,Ecuador
Heirloom Cacao Preservation (Guittard),2014,67.0,U.S.A.,3.75, ,Hawaii
Heirloom Cacao Preservation (Manoa),2016,72.0,U.S.A.,3.5, ,Hawaii
Heirloom Cacao Preservation (Millcreek),2016,70.0,U.S.A.,3.5,EET,Ecuador
Heirloom Cacao Preservation (Mindo),2016,77.0,U.S.A.,3.5,EET,Ecuador
Heirloom Cacao Preservation (Zokoko),2016,68.0,U.S.A.,3.75,"Amazon, ICS",Bolivia
Heirloom Cacao Preservation (Zokoko),2016,72.0,U.S.A.,4.0,Beniano,Bolivia
hello cocoa,2015,57.0,U.S.A.,2.75,Forastero,Uganda
hello cocoa,2015,74.0,U.S.A.,3.5,Criollo,Venezuela
hexx,2015,70.0,U.S.A.,2.75, ,Tanzania
hexx,2015,74.0,U.S.A.,3.0,Trinitario,Madagascar
hexx,2015,70.0,U.S.A.,3.0, ,Venezuela
hexx,2015,73.0,U.S.A.,3.25, ,Ecuador
hexx,2015,70.0,U.S.A.,3.25, ,Peru
Hogarth,2016,70.0,New Zealand,2.75,Trinitario,Madagascar
Hogarth,2016,72.0,New Zealand,2.75,Trinitario,Venezuela
Hogarth,2016,75.0,New Zealand,3.25,Trinitario,Domincan Republic
Hogarth,2016,66.0,New Zealand,3.5,Criollo,Peru
Hoja Verde (Tulicorp),2009,80.0,Ecuador,2.0,Forastero (Arriba) ASS,Ecuador
Hoja Verde (Tulicorp),2009,80.0,Ecuador,2.5,Forastero (Arriba) ASS,Ecuador
Hoja Verde (Tulicorp),2009,72.0,Ecuador,3.0,Forastero (Arriba) ASS,Ecuador
Hoja Verde (Tulicorp),2009,58.0,Ecuador,3.25,Forastero (Arriba) ASS,Ecuador
Hoja Verde (Tulicorp),2009,58.0,Ecuador,3.5,Forastero (Arriba) ASS,Ecuador
Holy Cacao,2016,70.0,Israel,2.75, ,Peru
Holy Cacao,2015,70.0,Israel,3.5, ,Ecuador
Holy Cacao,2015,70.0,Israel,3.5,Trinitario,Madagascar
Holy Cacao,2015,70.0,Israel,3.5,Trinitario,Trinidad
Holy Cacao,2015,70.0,Israel,3.5, ,Venezuela
Holy Cacao,2009,70.0,Israel,2.5, ,Ivory Coast
Holy Cacao,2009,70.0,Israel,2.75, ,Dominican Republic
Holy Cacao,2009,70.0,Israel,3.5, ,Peru
Holy Cacao,2009,75.0,Israel,3.75, ,Dominican Republic
Honest,2014,72.0,South Africa,2.5, ,Ecuador
Hotel Chocolat,2015,70.0,U.K.,2.75, ,St. Lucia
Hotel Chocolat,2013,70.0,U.K.,4.0,Trinitario,St. Lucia
Hotel Chocolat,2013,100.0,U.K.,1.75,Trinitario,St. Lucia
Hotel Chocolat (Coppeneur),2013,75.0,U.K.,3.0,Trinitario,Trinidad
Hotel Chocolat (Coppeneur),2013,80.0,U.K.,3.5,Trinitario,Vietnam
Hotel Chocolat (Coppeneur),2013,90.0,U.K.,3.0,Forastero (Nacional),Ecuador
Hotel Chocolat (Coppeneur),2013,72.0,U.K.,3.0,Trinitario,Madagascar
Hotel Chocolat (Coppeneur),2013,82.0,U.K.,3.5,Forastero (Nacional),Ecuador
Hotel Chocolat (Coppeneur),2013,100.0,U.K.,2.75, ,Peru
Hotel Chocolat (Coppeneur),2013,100.0,U.K.,2.5,Forastero (Nacional),Ecuador
Hotel Chocolat (Coppeneur),2013,100.0,U.K.,2.75, ,Dominican Republic
Hotel Chocolat (Coppeneur),2012,66.0,U.K.,3.5,"Trinitario, Criollo",Madagascar
Hotel Chocolat (Coppeneur),2011,80.0,U.K.,3.0,Forastero (Nacional),Ecuador
Hotel Chocolat (Coppeneur),2011,65.0,U.K.,3.0,Trinitario,St. Lucia
Hotel Chocolat (Coppeneur),2011,65.0,U.K.,3.25,Trinitario,St. Lucia
Hotel Chocolat (Coppeneur),2010,70.0,U.K.,2.75, ,Ecuador
Hotel Chocolat (Coppeneur),2010,70.0,U.K.,3.0, ,Dominican Republic
Hotel Chocolat (Coppeneur),2010,70.0,U.K.,2.75,Trinitario,Venezuela
Hotel Chocolat (Coppeneur),2008,72.0,U.K.,3.0, ,St. Lucia
Hotel Chocolat (Coppeneur),2008,80.0,U.K.,2.5,Forastero,Uganda
Hotel Chocolat (Coppeneur),2008,75.0,U.K.,2.75, ,Tanzania
Hotel Chocolat (Coppeneur),2008,72.0,U.K.,3.0,Forastero,Sao Tome
Hummingbird,2015,70.0,Canada,3.5,Trinitario,Vietnam
Hummingbird,2014,70.0,Canada,3.0,"Criollo, Trinitario",Bolivia
Hummingbird,2014,70.0,Canada,3.0,"Criollo, Trinitario",Bolivia
Hummingbird,2014,70.0,Canada,3.0,Trinitario,Nicaragua
Hummingbird,2014,70.0,Canada,3.75,Trinitario,Dominican Republic
Hummingbird,2014,70.0,Canada,3.5, ,Dominican Republic
Hummingbird,2013,70.0,Canada,3.25,"Trinitario, Criollo",Venezuela
Hummingbird,2013,70.0,Canada,3.75,Forastero,Venezuela
Idilio (Felchlin),2013,72.0,Switzerland,3.75,Trinitario,Venezuela
Idilio (Felchlin),2011,72.0,Switzerland,3.75,Criollo,Venezuela
Idilio (Felchlin),2011,72.0,Switzerland,3.75, ,Venezuela
Idilio (Felchlin),2011,72.0,Switzerland,3.25,Criollo,Venezuela
Idilio (Felchlin),2011,72.0,Switzerland,3.75,Criollo,Venezuela
Idilio (Felchlin),2011,74.0,Switzerland,4.0,Criollo,Venezuela
Idilio (Felchlin),2011,72.0,Switzerland,3.5,Criollo,Venezuela
Idilio (Felchlin),2011,70.0,Switzerland,4.0,Trinitario,Venezuela
Idilio (Felchlin),2011,72.0,Switzerland,4.0,Criollo,Venezuela
Idilio (Felchlin),2011,72.0,Switzerland,4.0, ,Venezuela
Indah,2016,61.0,India,2.5, ,India
Indaphoria,2012,70.0,U.S.A.,3.25, ,Dominican Republic
Indaphoria,2012,70.0,U.S.A.,2.75, ,Dominican Republic
Indi,2014,77.0,U.S.A.,3.0, ,Honduras
iQ Chocolate,2012,72.0,Scotland,2.75,Criollo,Peru
iQ Chocolate,2012,72.0,Scotland,3.0, ,Peru
Isidro,2014,72.0,U.S.A.,3.5,Trinitario,Madagascar
Isidro,2014,72.0,U.S.A.,2.25, ,Peru
Isidro,2014,72.0,U.S.A.,3.25,Trinitario,Belize
Isidro,2014,72.0,U.S.A.,3.25, ,Dominican Republic
Izard,2015,70.0,U.S.A.,3.5,Trinitario,Belize
Izard,2015,70.0,U.S.A.,2.75, ,Dominican Republic
Jacque Torres,2006,71.0,U.S.A.,2.0,Trinitario,Ghana
Jordis,2015,63.0,Czech Republic,2.75,Trinitario,Madagascar
Just Good Chocolate,2014,70.0,U.S.A.,3.5,Trinitario,Belize
Just Good Chocolate,2014,70.0,U.S.A.,3.5,Trinitario,Madagascar
Just Good Chocolate,2014,70.0,U.S.A.,4.0, ,Peru
Kah Kow,2013,70.0,Domincan Republic,3.5, ,Dominican Republic
Kah Kow,2013,82.0,Domincan Republic,3.0, ,Dominican Republic
Kah Kow,2013,55.0,Domincan Republic,3.25, ,Dominican Republic
Kah Kow,2013,62.0,Domincan Republic,3.25, ,Dominican Republic
Kakao,2012,64.0,Germany,2.5, ,Peru
Kakao,2009,65.0,Germany,3.75,Trinitario,Vanuatu
Kallari (Ecuatoriana),2008,70.0,Ecuador,3.0, ,Ecuador
Kallari (Ecuatoriana),2008,70.0,Ecuador,3.5, ,Ecuador
Kallari (Ecuatoriana),2008,75.0,Ecuador,2.75, ,Ecuador
Kallari (Ecuatoriana),2008,85.0,Ecuador,2.5, ,Ecuador
Kallari (Ecuatoriana),2008,85.0,Ecuador,2.75, ,Ecuador
Kallari (Ecuatoriana),2008,85.0,Ecuador,3.0, ,Ecuador
Kallari (Ecuatoriana),2008,75.0,Ecuador,2.5, ,Ecuador
Kallari (Ecuatoriana),2008,85.0,Ecuador,3.0, ,Ecuador
Kaoka (Cemoi),2009,70.0,France,2.75, , 
Kaoka (Cemoi),2009,80.0,France,2.75, ,Ecuador
Kerchner,2013,70.0,U.S.A.,3.75, ,Dominican Republic
Ki' Xocolatl,2009,72.0,Mexico,2.0, ,Mexico
Kiskadee,2014,60.0,U.S.A.,3.0,Trinitario,Dominican Republic
Kto,2014,72.0,U.S.A.,2.5, ,Peru
Kto,2014,72.0,U.S.A.,2.75, ,Venezuela
Kto,2014,72.0,U.S.A.,3.0,Trinitario,Belize
Kto,2014,72.0,U.S.A.,3.25,Trinitario,Madagascar
Kto,2014,90.0,U.S.A.,3.25,Trinitario,Belize
Kto,2014,72.0,U.S.A.,3.25, ,Dominican Republic
Kto,2014,72.0,U.S.A.,3.25, ,Dominican Republic
K'ul,2016,70.0,U.S.A.,3.25, ,Haiti
K'ul,2016,70.0,U.S.A.,2.75,Forastero (Nacional),Peru
K'ul,2016,70.0,U.S.A.,3.75, ,Ecuador
K'ul,2016,70.0,U.S.A.,3.75,Forastero,Brazil
Kyya,2014,72.5,U.S.A.,2.5,Forastero,Uganda
Kyya,2014,72.5,U.S.A.,3.0, ,Dominican Republic
Kyya,2014,72.5,U.S.A.,2.5, ,Ecuador
Kyya,2014,72.5,U.S.A.,3.0,Trinitario,Madagascar
L.A. Burdick (Felchlin),2012,74.0,U.S.A.,3.25, ,Peru
L.A. Burdick (Felchlin),2012,70.0,U.S.A.,4.0, ,Brazil
L.A. Burdick (Felchlin),2012,68.0,U.S.A.,3.75,Trinitario,Venezuela
L.A. Burdick (Felchlin),2011,74.0,U.S.A.,3.75, ,Ecuador
L.A. Burdick (Felchlin),2010,75.0,U.S.A.,3.25,Trinitario,Grenada
L.A. Burdick (Felchlin),2010,74.0,U.S.A.,3.75, ,Dominican Republic
L.A. Burdick (Felchlin),2010,71.0,U.S.A.,3.0, ,Venezuela
L.A. Burdick (Felchlin),2009,64.0,U.S.A.,3.5,Trinitario,Madagascar
L.A. Burdick (Felchlin),2009,68.0,U.S.A.,3.0, ,Bolivia
La Chocolaterie Nanairo,2016,70.0,Japan,2.25,"Trinitario, Criollo",Peru
La Chocolaterie Nanairo,2016,70.0,Japan,2.5,"Trinitario, Criollo",Peru
La Chocolaterie Nanairo,2016,70.0,Japan,3.0,Criollo,Peru
La Chocolaterie Nanairo,2016,70.0,Japan,3.0,"Trinitario, Criollo",Belize
La Maison du Chocolat (Valrhona),2013,74.0,France,2.75, ,"Africa, Carribean, C. Am."
La Maison du Chocolat (Valrhona),2013,60.0,France,3.25, ,Tobago
La Maison du Chocolat (Valrhona),2013,56.0,France,3.25, ,Ecuador
La Maison du Chocolat (Valrhona),2012,66.0,France,3.5, ,Dominican Republic
La Maison du Chocolat (Valrhona),2011,68.0,France,3.5,Trinitario,Grenada
La Maison du Chocolat (Valrhona),2009,68.0,France,3.25,Forastero,Ghana
La Maison du Chocolat (Valrhona),2009,69.0,France,3.5,Criollo (Porcelana),Venezuela
La Maison du Chocolat (Valrhona),2009,60.0,France,3.0, , 
La Maison du Chocolat (Valrhona),2009,60.0,France,3.75, , 
La Maison du Chocolat (Valrhona),2008,74.0,France,3.5,Blend,"Ven., Indonesia, Ecuad."
La Oroquidea,2011,72.0,Peru,2.5, ,Peru
La Pepa de Oro,2011,60.0,Ecuador,3.25, ,Ecuador
Laia aka Chat-Noir,2015,75.0,France,2.75,Trinitario,Madagascar
Laia aka Chat-Noir,2015,75.0,France,2.75,Trinitario,Vietnam
Laia aka Chat-Noir,2015,75.0,France,3.0, ,Cuba
Laia aka Chat-Noir,2015,75.0,France,3.25, ,Peru
Laia aka Chat-Noir,2015,75.0,France,3.0, ,Ivory Coast
Laia aka Chat-Noir,2015,75.0,France,3.5,Forastero,Sao Tome
Laia aka Chat-Noir,2015,75.0,France,3.25, ,Brazil
Laia aka Chat-Noir,2015,75.0,France,3.75,Trinitario,Vietnam
Laia aka Chat-Noir,2014,70.0,France,2.75, ,Cuba
Laia aka Chat-Noir,2014,68.0,France,2.75, ,Trinidad-Tobago
Lajedo do Ouro,2012,70.0,Brazil,3.5,Forastero (Catongo),Brazil
Lake Champlain (Callebaut),2009,75.0,U.S.A.,2.5, ,Tanzania
L'Amourette,2016,80.0,U.S.A.,3.5,Trinitario,Nicaragua
L'Amourette,2012,75.0,U.S.A.,3.0,Trinitario,Venezuela
L'Amourette,2012,75.0,U.S.A.,3.0,Trinitario,Venezuela
L'Amourette,2012,72.0,U.S.A.,3.0,Criollo,"Peru, Ecuador, Venezuela"
Letterpress,2017,70.0,U.S.A.,3.5, ,Honduras
Letterpress,2017,70.0,U.S.A.,3.25, ,Belize
Letterpress,2016,70.0,U.S.A.,3.25, ,Liberia
Letterpress,2015,70.0,U.S.A.,3.25, ,Bolivia
Letterpress,2015,70.0,U.S.A.,3.5,Trinitario,Trinidad
Letterpress,2015,70.0,U.S.A.,3.0, ,Costa Rica
Letterpress,2015,70.0,U.S.A.,3.25, ,Domincan Republic
Letterpress,2015,70.0,U.S.A.,3.5, ,Tanzania
Letterpress,2014,70.0,U.S.A.,3.5,Forastero (Nacional),Peru
Levy,2014,71.0,Finland,3.5,Criollo,Madagascar
Lilla,2016,70.0,Finland,3.0,Trinitario,Madagascar
Lillie Belle,2012,65.0,U.S.A.,3.5,Criollo,Peru
Lillie Belle,2012,68.0,U.S.A.,3.5,Criollo,Bolivia
Lillie Belle,2012,68.0,U.S.A.,3.75, ,Peru
Lillie Belle,2012,75.0,U.S.A.,2.75, ,"Venezuela, Dom. Rep."
Lillie Belle,2012,74.0,U.S.A.,3.0, ,Dominican Republic
Lillie Belle,2012,68.0,U.S.A.,3.5,Criollo,Bolivia
Lindt & Sprungli,2007,85.0,Switzerland,3.0, , 
Loiza,2013,65.0,Puerto Rico,2.5, ,Puerto Rico
Lonohana,2014,70.0,U.S.A.,3.75, ,Hawaii
Lonohana,2014,65.0,U.S.A.,3.25, ,Hawaii
Lonohana,2014,75.0,U.S.A.,3.75, ,Hawaii
Lonohana,2013,71.0,U.S.A.,3.0, ,Hawaii
Lonohana,2013,72.0,U.S.A.,3.0, ,Hawaii
Lonohana,2013,70.0,U.S.A.,3.5, ,Hawaii
Love Bar,2015,75.0,U.S.A.,2.0, ,Nicaragua
Luker,2010,46.0,Colombia,2.75, ,"Colombia, Ecuador"
Luker,2010,60.0,Colombia,3.0, ,"Colombia, Ecuador"
Luker,2010,58.0,Colombia,3.0, ,"Colombia, Ecuador"
Luker,2010,65.0,Colombia,3.5, ,Colombia
Machu Picchu Trading Co.,2011,70.0,Peru,1.5, ,Peru
Machu Picchu Trading Co.,2010,55.0,Peru,2.25, ,Peru
Madecasse (Cinagra),2008,67.0,Madagascar,3.5,Trinitario,Madagascar
Madecasse (Cinagra),2008,70.0,Madagascar,3.75,Trinitario,Madagascar
Madecasse (Cinagra),2008,63.0,Madagascar,4.0,Trinitario,Madagascar
Madecasse (Cinagra),2008,75.0,Madagascar,3.5,Trinitario,Madagascar
Madre,2017,73.0,U.S.A.,3.5, ,Solomon Islands
Madre,2013,70.0,U.S.A.,2.75, ,Puerto Rico
Madre,2013,70.0,U.S.A.,3.5, ,Brazil
Madre,2013,70.0,U.S.A.,2.75, ,Hawaii
Madre,2013,70.0,U.S.A.,2.75, ,Mexico
Madre,2012,70.0,U.S.A.,3.25, ,Hawaii
Madre,2012,70.0,U.S.A.,3.25,Criollo,Hawaii
Madre,2012,70.0,U.S.A.,3.5, ,Hawaii
Madre,2011,70.0,U.S.A.,2.5, ,Dominican Republic
Madre,2011,70.0,U.S.A.,2.75, ,Costa Rica
Madre,2010,72.0,U.S.A.,2.75, ,Mexico
Maglio,2008,75.0,Italy,2.0, ,Tanzania
Maglio,2008,70.0,Italy,3.0,Forastero (Nacional),Ecuador
Maglio,2008,70.0,Italy,3.25,Criollo,Cuba
Maglio,2008,70.0,Italy,3.75,"Blend-Forastero,Criollo",Dominican Republic
Majani,2010,70.0,Italy,2.0, ,Ecuador
Malagasy (Chocolaterie Robert),2007,75.0,Madagascar,2.75,Trinitario,Madagascar
Malagasy (Chocolaterie Robert),2007,73.0,Madagascar,3.5,Trinitario,Madagascar
Malagos,2013,65.0,Philippines,3.5,Trinitario,Philippines
Malie Kai (Guittard),2010,55.0,U.S.A.,3.5, ,Hawaii
Malie Kai (Guittard),2009,55.0,U.S.A.,2.75,Blend,Hawaii
Malmo,2016,70.0,Sweden,3.0, ,Venezuela
Mana,2015,74.0,U.S.A.,2.5, ,Ecuador
Mana,2014,74.0,U.S.A.,2.5, ,Peru
Mana,2014,74.0,U.S.A.,2.75, ,Venezuela
Mana,2012,74.0,U.S.A.,3.75, ,Dominican Republic
Manifesto Cacao,2014,70.0,Colombia,2.75, ,Colombia
Manoa,2015,72.0,U.S.A.,3.5, ,Papua New Guinea
Manoa,2015,72.0,U.S.A.,3.75, ,Costa Rica
Manoa,2013,72.0,U.S.A.,3.75, ,Hawaii
Manoa,2012,72.0,U.S.A.,3.25, ,Liberia
Manoa,2012,72.0,U.S.A.,2.75, ,Hawaii
Manoa,2012,72.0,U.S.A.,3.0, ,Peru
Manoa,2012,72.0,U.S.A.,3.25, ,Hawaii
Manufaktura Czekolady,2016,70.0,Poland,3.75, ,Nicaragua
Manufaktura Czekolady,2016,70.0,Poland,3.5, ,Peru
Manufaktura Czekolady,2014,70.0,Poland,3.75,Criollo,Venezuela
Manufaktura Czekolady,2014,85.0,Poland,3.5, ,Colombia
Manufaktura Czekolady,2012,70.0,Poland,3.25, ,Dominican Republic
Manufaktura Czekolady,2012,70.0,Poland,3.5,Forastero,Ghana
Manufaktura Czekolady,2012,70.0,Poland,3.25, ,Ecuador
Map Chocolate,2016,75.0,U.S.A.,3.25,Trinitario,Vietnam
Map Chocolate,2015,70.0,U.S.A.,3.5,"Criollo, Trinitario",Dominican Republic
Map Chocolate,2015,62.0,U.S.A.,3.5,Forastero (Nacional),Peru
Map Chocolate,2015,70.0,U.S.A.,3.5,Trinitario,Ecuador
Map Chocolate,2015,70.0,U.S.A.,2.75,Trinitario,Trinidad
Map Chocolate,2015,70.0,U.S.A.,3.5, ,Nicaragua
Map Chocolate,2015,68.0,U.S.A.,3.5,Criollo,Peru
Map Chocolate,2015,75.0,U.S.A.,2.75, ,Colombia
Map Chocolate,2015,72.0,U.S.A.,3.0, ,Tanzania
Map Chocolate,2015,78.0,U.S.A.,3.5, ,Honduras
Marana,2016,70.0,Peru,3.0, ,Peru
Marana,2016,70.0,Peru,2.75, ,Peru
Marana,2016,70.0,Peru,3.0, ,Peru
Marigold's Finest,2016,75.0,Canada,3.25, , 
Marou,2015,85.0,Vietnam,3.25,Trinitario,Vietnam
Marou,2015,68.0,Vietnam,3.5,Trinitario,Vietnam
Marou,2015,70.0,Vietnam,3.75,Trinitario,Vietnam
Marou,2013,75.0,Vietnam,3.5,Trinitario,Vietnam
Marou,2012,76.0,Vietnam,3.5,Trinitario,Vietnam
Marou,2012,72.0,Vietnam,3.5,Trinitario,Vietnam
Marou,2012,70.0,Vietnam,3.5,Trinitario,Vietnam
Marou,2012,78.0,Vietnam,3.5,Trinitario,Vietnam
Marou,2012,80.0,Vietnam,3.0,Trinitario,Vietnam
Marou,2012,74.0,Vietnam,3.5,Trinitario,Vietnam
Mars,2010,65.0,U.S.A.,3.0, ,Costa Rica
Mars,2010,65.0,U.S.A.,3.0, ,Ivory Coast
Mars,2010,65.0,U.S.A.,3.25, ,Nigeria
Mars,2010,65.0,U.S.A.,3.5,Forastero,Ghana
Marsatta,2013,74.0,U.S.A.,2.25, ,Dominican Republic
Marsatta,2013,89.0,U.S.A.,2.5, ,Dominican Republic
Martin Mayer,2016,76.0,Austria,2.75, ,Bolivia
Martin Mayer,2016,82.0,Austria,3.0, ,Haiti
Martin Mayer,2016,74.0,Austria,3.25, ,Colombia
Mast Brothers,2015,76.0,U.S.A.,3.0, ,Guatemala
Mast Brothers,2015,74.0,U.S.A.,3.25, ,Tanzania
Mast Brothers,2014,75.0,U.S.A.,3.75,Blend,"Peru, Belize"
Mast Brothers,2012,73.0,U.S.A.,3.5,Blend,"Peru, Mad., Dom. Rep."
Mast Brothers,2012,72.0,U.S.A.,2.5,Trinitario,unknown
Mast Brothers,2012,73.0,U.S.A.,2.75,Trinitario,Venezuela
Mast Brothers,2011,72.0,U.S.A.,3.5, , 
Mast Brothers,2011,76.0,U.S.A.,3.0,Trinitario,Venezuela
Mast Brothers,2011,70.0,U.S.A.,3.0,Trinitario,Venezuela
Mast Brothers,2011,81.0,U.S.A.,2.75,Trinitario,Venezuela
Mast Brothers,2011,70.0,U.S.A.,3.5,Trinitario,Belize
Mast Brothers,2011,71.0,U.S.A.,2.75, ,Papua New Guinea
Mast Brothers,2011,75.0,U.S.A.,3.0, ,Peru
Mast Brothers,2011,73.0,U.S.A.,3.25, ,Dominican Republic
Mast Brothers,2011,74.0,U.S.A.,3.75, ,Dominican Republic
Mast Brothers,2010,81.0,U.S.A.,2.75,Criollo,Venezuela
Mast Brothers,2010,75.0,U.S.A.,3.0, ,Venezuela
Mast Brothers,2010,70.0,U.S.A.,3.25, ,Dominican Republic
Matale,2013,72.0,Australia,3.5,Trinitario,Vanuatu
Matale,2013,68.0,Australia,4.0,Trinitario,Madagascar
Matale,2013,74.0,Australia,4.0,Trinitario,Papua New Guinea
Matale,2013,70.0,Australia,3.75,Trinitario,"PNG, Vanuatu, Mad"
Maverick,2014,70.0,U.S.A.,3.25,Trinitario,Belize
Maverick,2014,70.0,U.S.A.,3.25, ,Dominican Republic
Maverick,2014,82.0,U.S.A.,3.25,Criollo,Peru
Maverick,2014,63.0,U.S.A.,3.5,Criollo,Peru
Mayacama,2016,72.0,U.S.A.,3.0, ,Domincan Republic
Meadowlands,2014,70.0,U.S.A.,2.5, ,Bolivia
Meadowlands,2014,70.0,U.S.A.,2.75, ,Venezuela
Meadowlands,2014,70.0,U.S.A.,3.0,Trinitario,Belize
Meadowlands,2014,70.0,U.S.A.,3.0, ,Nicaragua
Meadowlands,2014,70.0,U.S.A.,3.5, ,Dominican Republic
Menakao (aka Cinagra),2012,80.0,Madagascar,2.5,Trinitario,Madagascar
Menakao (aka Cinagra),2012,72.0,Madagascar,2.5,Trinitario,Madagascar
Mesocacao,2015,80.0,Honduras,2.75, ,El Salvador
Mesocacao,2015,70.0,Honduras,3.0, ,El Salvador
Mesocacao,2014,80.0,Honduras,3.25, ,Honduras
Mesocacao,2014,70.0,Honduras,3.5, ,Honduras
Mesocacao,2014,70.0,Honduras,3.25, ,Nicaragua
Mesocacao,2014,80.0,Honduras,3.5, ,Nicaragua
Metiisto,2014,70.0,Sweden,3.0, ,Brazil
Metiisto,2014,72.0,Sweden,3.5,Trinitario,Madagascar
Metropolitan,2015,70.0,Amsterdam,3.5,Trinitario,South America
Michel Cluizel,2012,66.0,France,3.75, ,Mexico
Michel Cluizel,2007,66.0,France,3.5,Trinitario,Venezuela
Michel Cluizel,2007,67.0,France,3.5,Forastero,Sao Tome
Michel Cluizel,2006,60.0,France,2.0, , 
Michel Cluizel,2006,85.0,France,2.0, , 
Michel Cluizel,2006,70.0,France,3.0,Forastero,Sao Tome
Michel Cluizel,2006,67.0,France,4.0, ,Dominican Republic
Michel Cluizel,2006,65.0,France,4.0,Trinitario,Madagascar
Michel Cluizel,2006,64.0,France,4.0, ,Papua New Guinea
Michel Cluizel,2006,99.0,France,2.0, , 
Middlebury,2015,80.0,U.S.A.,3.5,Trinitario,Belize
Middlebury,2015,70.0,U.S.A.,3.5,Trinitario,Trinidad
Middlebury,2015,75.0,U.S.A.,3.75, ,Dominican Republic
Middlebury,2015,75.0,U.S.A.,3.75, ,Venezuela
Middlebury,2015,75.0,U.S.A.,3.25, ,Tanzania
Middlebury,2015,70.0,U.S.A.,3.5, ,Nicaragua
Middlebury,2013,75.0,U.S.A.,2.5, ,Dominican Republic
Middlebury,2013,80.0,U.S.A.,3.25,Trinitario,Belize
Middlebury,2012,65.0,U.S.A.,1.5, , 
Middlebury,2012,75.0,U.S.A.,2.0,Criollo,Bolivia
Middlebury,2012,70.0,U.S.A.,2.5,Criollo,Indonesia
Millcreek Cacao Roasters,2013,70.0,U.S.A.,2.5,Forastero (Nacional),Ecuador
Millcreek Cacao Roasters,2012,70.0,U.S.A.,3.5, ,Ecuador
Mindo,2010,67.0,U.S.A.,2.75, ,Ecuador
Mindo,2010,77.0,U.S.A.,2.75, ,Ecuador
Minimal,2016,70.0,Japan,3.5,"Criollo, Trinitario",Haiti
Mission,2016,75.0,Brazil,3.75, ,Brazil
Mission,2015,70.0,Brazil,3.5,Forastero (Parazinho),Brazil
Mita,2012,65.0,Colombia,2.5, ,Colombia
Moho,2013,73.0,U.S.A.,3.25,Trinitario,Belize
Moho,2013,72.0,U.S.A.,3.0,Trinitario,Belize
Moho,2010,67.0,U.S.A.,2.75,Trinitario,Belize
Molucca,2015,70.0,U.S.A.,3.0, ,Domincan Republic
Molucca,2015,70.0,U.S.A.,2.75, ,Indonesia
Molucca,2015,70.0,U.S.A.,3.25, ,Peru
Momotombo,2011,70.0,Nicaragua,2.75, ,Nicaragua
Momotombo,2011,70.0,Nicaragua,2.75, ,Nicaragua
Momotombo,2011,70.0,Nicaragua,3.25, ,Nicaragua
Monarque,2016,72.0,Canada,3.5, ,Dominican Republic
Monsieur Truffe,2014,70.0,Australia,3.25, ,Papua New Guinea
Montecristi,2015,70.0,Ecuador,3.25, ,Ecuador
Montecristi,2015,63.0,Ecuador,3.5, ,Ecuador
Montecristi,2015,85.0,Ecuador,3.5, ,Ecuador
Muchomas (Mesocacao),2015,70.0,U.S.A.,3.5, ,Nicaragua
Muchomas (Mesocacao),2015,80.0,U.S.A.,3.5, ,Nicaragua
Mutari,2016,68.0,U.S.A.,2.75, ,Tanzania
Mutari,2016,71.0,U.S.A.,2.75, ,Domincan Republic
Mutari,2016,68.0,U.S.A.,2.75, ,Madagascar
Mutari,2016,80.0,U.S.A.,3.0,Trinitario,Vietnam
Nahua,2013,58.0,Costa Rica,2.5, ,Costa Rica
Nahua,2013,70.0,Costa Rica,3.0, ,Costa Rica
Naive,2013,70.0,Lithuania,3.75, ,"Trinidad, Tobago"
Naive,2013,78.0,Lithuania,3.75,Forastero (Nacional),Peru
Naive,2012,71.0,Lithuania,2.5,Trinitario,Grenada
Na�ve,2014,70.0,Lithuania,3.25,Criollo,Nicaragua
Na�ve,2014,75.0,Lithuania,2.75,Trinitario,Venezuela
Na�ve,2014,70.0,Lithuania,3.0, ,Venezuela
Nanea,2013,85.0,U.S.A.,3.5, ,Hawaii
Nathan Miller,2014,72.0,U.S.A.,2.25, ,Peru
Nathan Miller,2014,70.0,U.S.A.,2.5, ,Dominican Republic
Nathan Miller,2014,73.5,U.S.A.,2.5,Trinitario,Madagascar
Nathan Miller,2014,70.0,U.S.A.,3.5,Forastero,Ghana
Neuhaus (Callebaut),2010,70.0,Belgium,2.5,Criollo,Papua New Guinea
Neuhaus (Callebaut),2008,67.0,Belgium,3.75,Trinitario,Trinidad
Neuhaus (Callebaut),2007,73.0,Belgium,1.0, , 
Neuhaus (Callebaut),2006,73.0,Belgium,2.0,Forastero,West Africa
Neuhaus (Callebaut),2006,75.0,Belgium,2.75,Forastero,Sao Tome
Neuhaus (Callebaut),2006,71.0,Belgium,3.0,Criollo,Venezuela
Nibble,2015,72.0,U.S.A.,2.25,Criollo,Venezuela
Nibble,2015,72.0,U.S.A.,2.75,Trinitario,Dominican Republic
Nibble,2015,72.0,U.S.A.,3.0,Trinitario,Madagascar
Nibble,2015,72.0,U.S.A.,3.0,Criollo,Peru
Night Owl,2013,75.0,U.S.A.,2.75, ,Peru
Night Owl,2013,75.0,U.S.A.,3.5, ,Ecuador
Noble Bean aka Jerjobo,2014,75.0,U.S.A.,3.0,Forastero,Ghana
Noble Bean aka Jerjobo,2014,75.0,U.S.A.,3.0,Trinitario,Belize
Noble Bean aka Jerjobo,2014,75.0,U.S.A.,3.25,Forastero (Nacional),Peru
Noir d' Ebine,2012,70.0,U.S.A.,3.0, ,Venezuela
Noir d' Ebine,2012,70.0,U.S.A.,3.0, ,Ecuador
Nova Monda,2012,70.0,Nicaragua,3.0, ,Nicaragua
Nova Monda,2012,75.0,Niacragua,2.75, ,Nicaragua
Nova Monda,2012,80.0,Nicaragua,3.25,Forastero (Nacional),Ecuador
Nuance,2015,70.0,U.S.A.,3.75,Forastero,Ghana
Nuance,2015,70.0,U.S.A.,2.75,Trinitario,Ecuador
Nuance,2015,70.0,U.S.A.,3.0,Criollo,Venezuela
Nuance,2015,70.0,U.S.A.,3.5,Trinitario,Madagascar
Nuance,2015,70.0,U.S.A.,3.75, ,Dominican Republic
Nugali,2016,70.0,Brazil,3.5,Trinitario (Scavina),Brazil
Oakland Chocolate Co.,2010,70.0,U.S.A.,2.5,Trinitario,Jamaica
Obolo,2015,70.0,Chile,3.75,Criollo,Peru
Obolo,2015,70.0,Chile,3.75,Criollo,Peru
Ocelot,2015,70.0,Scotland,3.75,Forastero,Congo
Ocelot,2015,75.0,Scotland,4.0,Criollo,Peru
Ocho,2016,100.0,New Zealand,2.75, ,Samoa
Ocho,2016,70.0,New Zealand,3.5, ,Samoa
Ocho,2014,66.0,New Zealand,2.75, ,Papua New Guinea
Ocho,2014,70.0,New Zealand,3.0, ,Papua New Guinea
Ocho,2014,88.0,New Zealand,3.25, ,Papua New Guinea
Ocho,2014,74.0,New Zealand,3.5, ,Papua New Guinea
Ohiyo,2015,70.0,U.S.A.,2.75,Trinitario,Trinidad
Ohiyo,2015,70.0,U.S.A.,3.0, ,Tanzania
Oialla by Bojessen (Malmo),2011,70.0,Germany,3.5,Criollo,Bolivia
Olive and Sinclair,2010,72.0,U.S.A.,3.0, ,Dominican Republic
Olive and Sinclair,2010,72.0,U.S.A.,3.0,Forastero,Ghana
Olive and Sinclair,2009,67.0,U.S.A.,2.75, ,"Ghana, Domin. Rep"
Olive and Sinclair,2009,75.0,U.S.A.,3.0, ,"Ghana, Domin. Rep"
Olivia,2011,76.0,Canada,2.0, ,Carribean
Olivia,2011,76.0,Canada,2.75, ,Carribean
Olivia,2011,85.0,Canada,2.75, ,Carribean
Olivia,2011,85.0,Canada,3.0, ,Carribean
Omanhene,2011,80.0,Ghana,2.75,Forastero,Ghana
Omnom,2016,70.0,Iceland,3.75,Trinitario,Tanzania
Omnom,2014,70.0,Iceland,3.0, ,Papua New Guinea
Omnom,2014,66.0,Iceland,3.5,Trinitario,Madagascar
organicfair,2013,74.0,Canada,2.75,Trinitario,Belize
organicfair,2013,72.0,Canada,2.75, ,Dominican Republic
organicfair,2013,72.0,Canada,2.75,Trinitario,Nicaragua
organicfair,2013,72.0,Canada,3.0, ,Dominican Republic
organicfair,2013,72.0,Canada,3.0,Trinitario,Ecuador
Original Beans (Felchlin),2014,68.0,Switzerland,2.75, ,Papua New Guinea
Original Beans (Felchlin),2014,80.0,Switzerland,3.25,Blend, 
Original Beans (Felchlin),2011,66.0,Switzerland,3.75, ,Bolivia
Original Beans (Felchlin),2009,70.0,Switzerland,3.0,Forastero,Congo
Original Beans (Felchlin),2009,75.0,Switzerland,3.0,Criollo,Peru
Original Beans (Felchlin),2009,68.0,Switzerland,3.25, ,Bolivia
Original Hawaiin Chocolate Factory,2009,60.0,U.S.A.,3.0,Criollo,Hawaii
Original Hawaiin Chocolate Factory,2006,60.0,U.S.A.,3.0, ,Hawaii
Orquidea,2012,65.0,Peru,3.0, ,Peru
Orquidea,2012,72.0,Peru,3.0, ,Peru
Pacari,2016,70.0,Ecuador,4.0, ,Colombia
Pacari,2014,70.0,Ecuador,3.25, ,Ecuador
Pacari,2014,70.0,Ecuador,3.5, ,Ecuador
Pacari,2014,70.0,Ecuador,3.75, ,Ecuador
Pacari,2014,70.0,Ecuador,4.0, ,Ecuador
Pacari,2012,85.0,Ecuador,2.75, ,Ecuador
Pacari,2012,70.0,Ecuador,4.0, ,Peru
Pacari,2011,70.0,Ecuador,3.5, ,Ecuador
Pacari,2008,60.0,Ecuador,2.5,Forastero (Arriba),Ecuador
Pacari,2008,65.0,Ecuador,2.75,Forastero (Arriba),Ecuador
Pacari,2008,72.0,Ecuador,3.0,Forastero (Arriba),Ecuador
Pacari,2008,100.0,Ecuador,2.0,Forastero (Arriba),Ecuador
Pacari,2008,70.0,Ecuador,3.5,Forastero (Arriba),Ecuador
Palette de Bine,2016,70.0,Canada,2.75, ,Guatemala
Palette de Bine,2016,72.0,Canada,3.0,Trinitario,Belize
Palette de Bine,2015,70.0,Canada,3.25, ,Bolivia
Palette de Bine,2015,70.0,Canada,3.25,Trinitario,Trinidad
Palette de Bine,2015,72.0,Canada,3.5, ,Tanzania
Palette de Bine,2015,72.0,Canada,3.75,Trinitario,Vietnam
Palette de Bine,2014,72.0,Canada,2.75, ,Bolivia
Palette de Bine,2014,78.0,Canada,3.75,Trinitario,Madagascar
Palette de Bine,2014,75.0,Canada,2.75, ,Ecuador
Palette de Bine,2014,75.0,Canada,3.5,Blend,"Trinidad, Ecuador"
Palette de Bine,2014,70.0,Canada,3.75,Trinitario,Trinidad
Pangea,2016,76.0,Spain,3.0, ,Fiji
Park 75,2014,65.0,U.S.A.,3.5, ,South America
Parliament,2016,70.0,U.S.A.,3.25, ,Tanzania
Parliament,2015,70.0,U.S.A.,3.5, ,Guatemala
Parliament,2014,70.0,U.S.A.,3.0, ,Bolivia
Parliament,2014,70.0,U.S.A.,3.5, ,Dominican Republic
Pascha,2013,55.0,Peru,2.5, ,Peru
Pascha,2013,70.0,Peru,2.75, ,Peru
Patric,2011,70.0,U.S.A.,3.75,Blend, 
Patric,2009,75.0,U.S.A.,4.0,Trinitario,Madagascar
Patric,2009,67.0,U.S.A.,3.5,Trinitario,Madagascar
Patric,2009,70.0,U.S.A.,3.5,Trinitario,Venezuela
Patric,2007,70.0,U.S.A.,4.0,Trinitario,Madagascar
Patric,2013,67.0,U.S.A.,4.0, ,Peru
Paul Young,2014,73.0,U.K.,2.25,Trinitario,Madagascar
Paul Young,2014,64.0,U.K.,2.75,Trinitario,Madagascar
Peppalo,2015,82.0,U.S.A.,3.0, ,Dominican Republic
Pierre Marcolini,2015,70.0,Belgium,3.25,Forastero,Cameroon
Pierre Marcolini,2010,75.0,Belgium,3.0,Criollo,Venezuela
Pierre Marcolini,2010,75.0,Belgium,3.25,Trinitario,Trinidad
Pierre Marcolini,2010,78.0,Belgium,3.75,"Criollo, Forastero",Cuba
Pierre Marcolini,2010,85.0,Belgium,3.0,Criollo,Peru
Pierre Marcolini,2009,72.0,Belgium,3.0,Forastero,Brazil
Pierre Marcolini,2009,72.0,Belgium,3.0,Criollo,Mexico
Pierre Marcolini,2007,70.0,Belgium,4.0,Blend,"Venezuela, Java"
Pierre Marcolini,2007,72.0,Belgium,3.75,Forastero (Nacional),Ecuador
Pierre Marcolini,2007,72.0,Belgium,4.0,Trinitario,Madagascar
Pierre Marcolini,2007,85.0,Belgium,3.5,Blend,Venezuela/ Ghana
Pierre Marcolini,2006,72.0,Belgium,4.0,Criollo,Mexico
Pierre Marcolini,2006,72.0,Belgium,3.0,Criollo,Indonesia
Pierre Marcolini,2006,72.0,Belgium,4.0,Criollo,Venezuela
Pinellas,2016,80.0,U.S.A.,2.5, ,Honduras
Pitch Dark,2015,62.0,U.S.A.,2.5, ,Nicaragua
Pitch Dark,2015,80.0,U.S.A.,2.75, ,Nicaragua
Pitch Dark,2015,80.0,U.S.A.,2.75,"Criollo, Trinitario",Nicaragua
Pitch Dark,2015,80.0,U.S.A.,2.75,Trinitario,Nicaragua
Pitch Dark,2015,80.0,U.S.A.,3.25, ,Nicaragua
Pitch Dark,2014,73.0,U.S.A.,3.25,Trinitario,Madagascar
Pitch Dark,2014,73.0,U.S.A.,2.5,Trinitario,Fiji
Pitch Dark,2014,73.0,U.S.A.,3.25, ,Ecuador
Pitch Dark,2014,73.0,U.S.A.,3.5, ,Ecuador
Pomm (aka Dead Dog),2012,76.0,U.S.A.,2.5, ,Dominican Republic
Pomm (aka Dead Dog),2012,82.0,U.S.A.,2.75,Criollo,Peru
Potomac,2016,70.0,U.S.A.,3.75, ,Domincan Republic
Potomac,2014,70.0,U.S.A.,3.75, ,Venezuela
Potomac,2011,70.0,U.S.A.,3.5,Matina,Costa Rica
Potomac,2011,70.0,U.S.A.,3.0,Matina,Costa Rica
Potomac,2011,70.0,U.S.A.,2.75, ,Peru
Potomac,2011,70.0,U.S.A.,3.5, ,Brazil
Potomac,2010,82.0,U.S.A.,3.75,Matina,Costa Rica
Pralus,2015,75.0,France,3.25, ,Peru
Pralus,2011,75.0,France,3.25,Criollo (Porcelana),Venezuela
Pralus,2010,75.0,France,3.5,Trinitario,Venezuela
Pralus,2009,75.0,France,2.0, ,Venezuela
Pralus,2008,75.0,France,3.0,Trinitario,Papua New Guinea
Pralus,2008,100.0,France,3.0,Criollo,Madagascar
Pralus,2008,75.0,France,2.0, ,Dominican Republic
Pralus,2008,75.0,France,3.5, ,Brazil
Pralus,2007,75.0,France,4.0,Forastero,Sao Tome
Pralus,2006,75.0,France,3.0,Forastero,Brazil
Pralus,2006,75.0,France,3.5,Criollo,Tanzania
Pralus,2006,75.0,France,3.5,Forastero,Sao Tome & Principe
Pralus,2006,75.0,France,3.5,Trinitario,Trinidad
Pralus,2006,75.0,France,3.75,Criollo,Madagascar
Pralus,2006,75.0,France,3.5,Criollo,Indonesia
Pralus,2006,75.0,France,3.5,Trinitario,Venezuela
Pralus,2006,75.0,France,4.0,Trinitario,Jamaica
Pralus,2006,75.0,France,3.0,Trinitario,Ecuador
Pralus,2006,75.0,France,3.0,Trinitario,Vanuatu
Pralus,2006,75.0,France,3.25,Forastero,Ghana
Pralus,2006,75.0,France,3.5,Trinitario,Colombia
Pralus,2006,80.0,France,4.0,"Criollo, Trinitario",Ecuador
Pralus,2006,75.0,France,3.0,Trinitario,Cuba
Pralus,2006,75.0,France,3.0,"Trinitario, Forastero","Venezuela, Ghana"
Pralus,2006,75.0,France,3.5,"Criollo, Forastero","Indonesia, Ghana"
Pump Street Bakery,2016,77.0,U.K.,3.5, ,Ecuador
Pump Street Bakery,2015,70.0,U.K.,3.5,Trinitario,Grenada
Pump Street Bakery,2015,74.0,U.K.,3.5,Criollo,Madagascar
Pump Street Bakery,2015,80.0,U.K.,2.75, ,Honduras
Pump Street Bakery,2014,75.0,U.K.,2.75,Trinitario,Venezuela
Pump Street Bakery,2014,75.0,U.K.,3.0,Forastero (Nacional),Ecuador
Pump Street Bakery,2014,72.0,U.K.,3.25,Trinitario,Madagascar
Pump Street Bakery,2014,85.0,U.K.,2.75,Forastero (Nacional),Ecuador
Pura Delizia,2012,73.0,Italy,2.75, ,Venezuela
Q Chocolate,2013,75.0,Brazil,3.25, ,Brazil
Q Chocolate,2013,85.0,Brazil,3.5, ,Brazil
Q Chocolate,2013,55.0,Brazil,2.75, ,Brazil
Q Chocolate,2013,80.0,Brazil,3.25, ,Brazil
Q Chocolate,2012,60.0,Brazil,3.0, ,Brazil
Q Chocolate,2012,65.0,Brazil,3.25, ,Brazil
Quetzalli (Wolter),2016,70.0,Mexico,2.75,Criollo,Mexico
Quetzalli (Wolter),2016,74.0,Mexico,3.0,Trinitario,Mexico
Raaka,2016,70.0,U.S.A.,3.0, ,"Peru(SMartin,Pangoa,nacional)"
Raaka,2015,75.0,U.S.A.,2.75,Forastero,Congo
Raaka,2012,75.0,U.S.A.,3.25,Trinitario,Madagascar
Raaka,2011,85.0,U.S.A.,3.5, ,Dominican Republic
Rain Republic,2010,70.0,Guatemala,2.75, ,Guatemala
Rancho San Jacinto,2010,75.0,Eucador,3.0,"Forastero(Arriba, CCN)",Ecuador
Ranger,2015,70.0,U.S.A.,2.5, ,Peru
Ranger,2015,80.0,U.S.A.,3.25, ,Peru
Ranger,2015,73.0,U.S.A.,3.5,Criollo,Peru
Raoul Boulanger,2016,75.0,France,3.25,Criollo,Peru
Raw Cocoa,2012,70.0,Poland,2.5,Criollo, 
Republica del Cacao (aka Confecta),2010,75.0,Ecuador,3.25, ,Ecuador
Republica del Cacao (aka Confecta),2009,75.0,Ecuador,2.5,Forastero (Arriba),Ecuador
Republica del Cacao (aka Confecta),2007,75.0,Ecuador,3.0,Forastero (Arriba),Ecuador
Republica del Cacao (aka Confecta),2007,67.0,Ecuador,3.5,Forastero (Arriba),Ecuador
Republica del Cacao (aka Confecta),2007,75.0,Ecuador,3.75,Forastero (Arriba),Ecuador
Ritual,2016,75.0,U.S.A.,3.75, ,Ecuador
Ritual,2015,85.0,U.S.A.,3.5, ,Ecuador
Ritual,2015,70.0,U.S.A.,3.5,Blend, 
Ritual,2013,75.0,U.S.A.,3.75,Trinitario,Belize
Ritual,2013,75.0,U.S.A.,3.0,Forastero (Nacional),Peru
Ritual,2012,75.0,U.S.A.,4.0,Trinitario,Madagascar
Ritual,2012,75.0,U.S.A.,3.25,Nacional (Arriba),Ecuador
Ritual,2012,75.0,U.S.A.,3.5,Trinitario,Trinidad
Ritual,2011,75.0,U.S.A.,3.5, ,Costa Rica
Roasting Masters,2016,70.0,South Korea,3.25, ,Costa Rica
Roasting Masters,2016,70.0,South Korea,3.25, ,Costa Rica
Roasting Masters,2016,70.0,South Korea,3.25, ,Costa Rica
Robert (aka Chocolaterie Robert),2013,75.0,Madagascar,3.25,Trinitario,Madagascar
Robert (aka Chocolaterie Robert),2013,68.0,Madagascar,3.25,Trinitario,Madagascar
Rococo (Grenada Chocolate Co.),2012,66.0,U.K.,3.5,Trinitario,Grenada
Rogue,2016,75.0,U.S.A.,3.75, ,Honduras
Rogue,2015,70.0,U.S.A.,3.75, ,Venezuela
Rogue,2015,75.0,U.S.A.,3.25, ,Bolivia
Rogue,2014,80.0,U.S.A.,3.75,Criollo,Venezuela
Rogue,2013,70.0,U.S.A.,3.5,Trinitario,Madagascar
Rogue,2013,70.0,U.S.A.,3.5, ,Dominican Republic
Rogue,2013,75.0,U.S.A.,4.0, ,Bolivia
Rogue,2013,75.0,U.S.A.,3.75,Trinitario,Jamaica
Rogue,2012,75.0,U.S.A.,3.75,Nacional (Arriba),Ecuador
Rogue,2011,75.0,U.S.A.,3.0,Criollo,Bolivia
Rogue,2010,75.0,U.S.A.,3.75, ,Peru
Rogue,2009,70.0,U.S.A.,3.5,Trinitario,Venezuela
Rogue,2008,70.0,U.S.A.,2.75, ,Dominican Republic
Rogue,2008,70.0,U.S.A.,2.75,Trinitario,Jamaica
Rogue,2008,70.0,U.S.A.,2.75,Trinitario,Madagascar
Rogue,2008,70.0,U.S.A.,3.0,Trinitario,Trinidad
Rozsavolgyi,2012,84.0,Hungary,2.5, ,Venezuela
Rozsavolgyi,2012,76.0,Hungary,2.25,Trinitario,Venezuela
Rozsavolgyi,2012,72.0,Hungary,2.5,Trinitario,Madagascar
Rozsavolgyi,2011,73.0,Hungary,3.5,Criollo,Venezuela
Rozsavolgyi,2011,71.0,Hungary,2.5, ,Venezuela
Rozsavolgyi,2011,70.0,Hungary,3.5, ,Venezuela
Rozsavolgyi,2011,77.0,Hungary,2.75,Forastero,Principe
S.A.I.D.,2010,64.0,Italy,3.5,Trinitario,Madagascar
S.A.I.D.,2010,100.0,Italy,1.5, , 
S.A.I.D.,2010,70.0,Italy,3.0, ,Dominican Republic
S.A.I.D.,2010,72.0,Italy,3.5, ,Carribean
S.A.I.D.,2010,72.0,Italy,3.5, , 
Sacred,2012,83.0,U.S.A.,2.75, ,Central and S. America
Sacred,2012,69.0,U.S.A.,3.25, ,Central and S. America
Salgado,2008,70.0,Argentina,3.5,Forastero,Brazil
Salgado,2008,70.0,Argentina,3.5,Forastero (Nacional),Ecuador
Salgado,2008,70.0,Argentina,3.5,Trinitario,Venezuela
Salgado,2008,70.0,Argentina,3.5,Forastero (Arriba) ASSS,Ecuador
Santander (Compania Nacional),2009,75.0,Colombia,2.75,Forastero (Nacional),Colombia
Santander (Compania Nacional),2009,70.0,Colombia,3.0,Forastero (Nacional),Colombia
Santander (Compania Nacional),2006,53.0,Colombia,2.0,Forastero (Nacional),Colombia
Santander (Compania Nacional),2006,65.0,Colombia,3.0,Forastero (Nacional),Colombia
Santander (Compania Nacional),2006,70.0,Colombia,4.0,Forastero (Nacional),Colombia
Santome,2011,70.0,France,2.75,Forastero,Sao Tome
Scharffen Berger,2012,78.0,U.S.A.,4.0, ,Peru
Scharffen Berger,2011,68.0,U.S.A.,3.75, ,Papua New Guinea
Scharffen Berger,2010,68.0,U.S.A.,3.5,Trinitario,Grenada
Scharffen Berger,2010,65.0,U.S.A.,3.75,"Trinitario, Criollo",Madagascar
Scharffen Berger,2009,68.0,U.S.A.,3.75, ,Brazil
Scharffen Berger,2009,65.0,U.S.A.,4.0,Forastero,Ghana
Scharffen Berger,2009,72.0,U.S.A.,3.75,Trinitario,Vietnam
Scharffen Berger,2008,72.0,U.S.A.,3.0,Blend,"Ven., Trinidad, Mad."
Scharffen Berger,2007,72.0,U.S.A.,3.0,Blend,Carribean(DR/Jam/Tri)
Scharffen Berger,2007,62.0,U.S.A.,3.0, , 
Scharffen Berger,2007,75.0,U.S.A.,3.75, ,Venezuela
Scharffen Berger,2007,75.0,U.S.A.,3.0,Blend,Carribean
Scharffen Berger,2006,82.0,U.S.A.,2.0, , 
Scharffen Berger,2006,70.0,U.S.A.,3.5,Blend, 
Scharffen Berger,2006,68.0,U.S.A.,2.0,Blend,Ghana & Madagascar
Scharffen Berger,2006,70.0,U.S.A.,2.0,Trinitario,Jamaica
Scharffen Berger,2006,62.0,U.S.A.,3.0,Blend, 
Seaforth,2015,70.0,U.K.,2.75, ,Domincan Republic
Seaforth,2015,70.0,U.K.,2.75, ,Grenada
Shark Mountain,2015,72.0,U.S.A.,3.25,Trinitario,Jamaica
Shark Mountain,2015,73.0,U.S.A.,3.5,Forastero,Papua New Guinea
Shark Mountain,2015,77.0,U.S.A.,2.75,Criollo,Venezuela
Shark Mountain,2015,74.0,U.S.A.,3.5,"Criollo, Trinitario",Dominican Republic
Shark Mountain,2014,75.0,U.S.A.,3.0,Trinitario,Ecuador
Shark Mountain,2014,72.0,U.S.A.,3.25,"Criollo, Trinitario",Belize
Shark's,2011,73.0,U.S.A.,2.0, ,Hawaii
Shark's,2011,73.0,U.S.A.,2.5, ,Hawaii
Shattel,2016,70.0,Peru,3.25, ,Peru
Shattell,2011,75.0,Peru,3.5,Criollo,Peru
Sibu,2015,82.0,Costa Rica,3.25, ,Costa Rica
Sibu,2015,70.0,Costa Rica,3.5, ,Costa Rica
Sibu Sura,2012,70.0,U.S.A.,2.5, ,Peru
Silvio Bessone,2011,67.0,Italy,3.0,Criollo,Belize
Silvio Bessone,2011,65.0,Italy,3.25,Forastero,Sao Tome
Silvio Bessone,2011,60.0,Italy,3.25,Trinitario,Brazil
Silvio Bessone,2011,68.0,Italy,3.0,"Criollo, Trinitario",Colombia
Sirene,2016,73.0,Canada,3.5, ,Bolivia
Sirene,2016,73.0,Canada,3.5, ,Tanzania
Sirene,2016,73.0,Canada,3.75, ,Ecuador
Sirene,2015,100.0,Canada,3.0,Trinitario,Madagascar
Sirene,2015,100.0,Canada,3.0, ,Ecuador
Sirene,2015,73.0,Canada,3.0, ,Guatemala
Sirene,2015,73.0,Canada,3.25, ,Guatemala
Sirene,2015,73.0,Canada,3.25, ,Haiti
Sirene,2014,67.0,Canada,3.75,Trinitario,Madagascar
Sirene,2014,73.0,Canada,3.75,Trinitario,Madagascar
Sirene,2014,73.0,Canada,3.75, ,Ecuador
Sjolinds,2015,70.0,U.S.A.,2.75,Forastero,Ghana
Sjolinds,2015,72.0,U.S.A.,3.0, ,Nicaragua
"Smooth Chocolator, The",2017,70.0,Australia,3.5, ,Dominican Republic
"Smooth Chocolator, The",2016,70.0,Australia,3.75,Criollo,Venezuela
"Smooth Chocolator, The",2016,70.0,Australia,4.0,Criollo,Ecuador
"Smooth Chocolator, The",2016,70.0,Australia,3.75, ,Belize
"Smooth Chocolator, The",2016,70.0,Australia,3.0,Trinitario,Vietnam
"Smooth Chocolator, The",2016,67.0,Australia,3.75, ,Australia
"Smooth Chocolator, The",2016,70.0,Australia,3.25, ,Guatemala
"Smooth Chocolator, The",2015,65.0,Australia,3.25,Trinitario,Madagascar
"Smooth Chocolator, The",2015,70.0,Australia,3.5,Trinitario,Madagascar
"Smooth Chocolator, The",2015,67.0,Australia,3.75, ,Tanzania
"Smooth Chocolator, The",2015,70.0,Australia,3.75,Trinitario,Trinidad
"Smooth Chocolator, The",2015,72.0,Australia,4.0, ,Ecuador
"Smooth Chocolator, The",2015,72.0,Australia,2.75, ,Bolivia
"Smooth Chocolator, The",2015,65.0,Australia,3.5, ,Papua New Guinea
"Smooth Chocolator, The",2015,67.0,Australia,3.0,Forastero (Nacional),Peru
"Smooth Chocolator, The",2015,70.0,Australia,3.75,Trinitario,Venezuela
Snake & Butterfly,2011,67.0,U.S.A.,1.5,Forastero,Ghana
Snake & Butterfly,2010,68.0,U.S.A.,3.0,Trinitario,Madagascar
Snake & Butterfly,2010,68.0,U.S.A.,3.25, ,Ecuador
Sol Cacao,2016,70.0,U.S.A.,3.5, ,Ecuador
Sol Cacao,2015,72.0,U.S.A.,3.0,Trinitario,Madagascar
Solkiki,2016,68.0,U.K.,2.75,Forastero (Nacional),Peru
Solkiki,2016,85.0,U.K.,2.75, ,Domincan Republic
Solomons Gold,2016,70.0,New Zealand,3.25, ,Solomon Islands
Solomons Gold,2016,75.0,New Zealand,3.25, ,Solomon Islands
Solstice,2014,70.0,U.S.A.,3.0,"Forastero, Trinitario",Uganda
Solstice,2013,70.0,U.S.A.,3.0,Trinitario,Madagascar
Solstice,2013,70.0,U.S.A.,3.0, ,Venezuela
Solstice,2013,70.0,U.S.A.,3.25, ,Bolivia
Solstice,2013,70.0,U.S.A.,3.25, ,Peru
Solstice,2013,70.0,U.S.A.,3.5,Blend, 
Soma,2016,62.0,Canada,3.5, ,Domincan Republic
Soma,2016,70.0,Canada,3.5,Trinitario,Madagascar
Soma,2016,70.0,Canada,3.5,Forastero (Parazinho),Brazil
Soma,2016,75.0,Canada,3.75, ,"Ven.,Ecu.,Peru,Nic."
Soma,2016,70.0,Canada,3.75,Trinitario,Nicaragua
Soma,2016,70.0,Canada,4.0,Trinitario,Vietnam
Soma,2016,70.0,Canada,3.25, ,Ecuador
Soma,2015,70.0,Canada,3.5,Criollo,Venezuela
Soma,2015,75.0,Canada,4.0, ,Venezuela
Soma,2014,70.0,Canada,3.5, ,Nicaragua
Soma,2014,70.0,Canada,3.75,Forastero (Nacional),Peru
Soma,2014,70.0,Canada,3.25,Trinitario,Nicaragua
Soma,2014,80.0,Canada,3.5,Forastero (Nacional),Ecuador
Soma,2014,70.0,Canada,3.75,Forastero (Amelonado),Vanuatu
Soma,2014,70.0,Canada,3.25,Blend,Madagascar & Ecuador
Soma,2013,77.0,Canada,3.75,Trinitario,Dominican Republic
Soma,2013,70.0,Canada,3.25,Criollo,Indonesia
Soma,2013,70.0,Canada,2.75,Criollo,Peru
Soma,2013,70.0,Canada,3.75,Trinitario,Trinidad
Soma,2013,70.0,Canada,3.25, , 
Soma,2013,70.0,Canada,3.75,Criollo,Venezuela
Soma,2013,88.0,Canada,4.0, ,"Guat., D.R., Peru, Mad., PNG"
Soma,2013,70.0,Canada,4.0,Criollo,Venezuela
Soma,2013,67.0,Canada,4.0, ,"Peru, Dom. Rep"
Soma,2013,70.0,Canada,3.25,Forastero,Venezuela
Soma,2013,70.0,Canada,4.0,Trinitario,Jamaica
Soma,2012,70.0,Canada,3.25, ,Haiti
Soma,2012,70.0,Canada,3.75, ,Hawaii
Soma,2012,70.0,Canada,4.0,Blend,"Dom. Rep., Madagascar"
Soma,2012,70.0,Canada,4.0,Blend,"Gre., PNG, Haw., Haiti, Mad"
Soma,2012,70.0,Canada,3.5,Trinitario,Guatemala
Soma,2012,70.0,Canada,3.75,Trinitario,Venezuela
Soma,2012,70.0,Canada,3.5,Blend,"Mad., Java, PNG"
Soma,2012,85.0,Canada,3.5,Trinitario,Papua New Guinea
Soma,2011,70.0,Canada,2.75,Trinitario,Grenada
Soma,2011,70.0,Canada,3.5,Nacional,Bolivia
Soma,2011,64.0,Canada,4.0, ,Peru
Soma,2011,70.0,Canada,4.0,Unknown,"Ven, Bolivia, D.R."
Soma,2011,70.0,Canada,3.75,Forastero,Dominican Republic
Soma,2011,70.0,Canada,3.5,Criollo,Venezuela
Soma,2010,70.0,Canada,3.75,"Trinitario, Nacional","DR, Ecuador, Peru"
Soma,2009,70.0,Canada,3.0,Forastero,Dominican Republic
Soma,2009,70.0,Canada,3.5,Forastero,Ghana
Soma,2009,70.0,Canada,3.0,Trinitario,Dominican Republic
Soma,2009,70.0,Canada,3.5,Trinitario,Papua New Guinea
Soma,2009,70.0,Canada,3.75,Criollo,Madagascar
Soma,2009,70.0,Canada,3.75,Criollo,Venezuela
Somerville,2014,70.0,U.S.A.,3.25, ,Nicaragua
Somerville,2014,70.0,U.S.A.,3.5, ,Hawaii
Soul,2017,70.0,Canada,3.25, ,Dominican Republic
Soul,2017,70.0,Canada,3.5, ,Madagascar
Soul,2017,75.0,Canada,3.5, ,Venezuela
Soul,2017,75.0,Canada,3.25, ,Ecuador
Soul,2017,77.0,Canada,3.25, ,Papua New Guinea
Soul,2017,80.0,Canada,3.5, ,Tanzania
Spagnvola,2012,70.0,U.S.A.,3.0, ,Dominican Republic
Spagnvola,2012,80.0,U.S.A.,3.0, ,Dominican Republic
Spagnvola,2012,75.0,U.S.A.,3.25, ,Dominican Republic
Spencer,2017,70.0,U.S.A.,3.75, ,Dominican Republic
Spencer,2017,70.0,U.S.A.,3.5, ,Ecuador
Spencer,2017,70.0,U.S.A.,2.75, ,Peru
Spencer,2016,70.0,Australia,3.5, ,Domincan Republic
Spencer,2016,70.0,Australia,3.75, ,Ecuador
Spencer,2016,70.0,Australia,3.75, ,Madagascar
Spencer,2014,72.0,Australia,2.75,Trinitario,Vanuatu
Sprungli (Felchlin),2013,70.0,Switzerland,3.0,Criollo,Bolivia
SRSLY,2013,70.0,U.S.A.,3.0, ,Dominican Republic
SRSLY,2013,84.0,U.S.A.,2.25, ,Dominican Republic
Starchild,2015,70.0,U.S.A.,3.0,Forastero (Nacional),Ecuador
Starchild,2015,70.0,U.S.A.,3.0, ,Domincan Republic
Starchild,2015,70.0,U.S.A.,3.0, ,Guatemala
Starchild,2015,70.0,U.S.A.,3.0,Trinitario (Amelonado),Nicaragua
Starchild,2015,70.0,U.S.A.,3.0,Trinitario,Madagascar
Stella (aka Bernrain),2012,68.0,Switzerland,2.75,Trinitario,Brazil
Stella (aka Bernrain),2011,72.0,Switzerland,3.25, ,India
Stone Grindz,2014,84.0,U.S.A.,3.5, ,Ecuador
Stone Grindz,2014,70.0,U.S.A.,3.5, ,Ecuador
StRita Supreme,2012,65.0,U.S.A.,2.5, ,Philippines
StRita Supreme,2012,70.0,U.S.A.,2.5, ,Philippines
StRita Supreme,2012,75.0,U.S.A.,2.75, ,Philippines
Sublime Origins,2013,67.0,U.S.A.,2.75,Trinitario,Madagascar
Sublime Origins,2013,78.0,U.S.A.,3.25,Trinitario,Belize
Summerbird,2016,61.0,Denmark,2.5,"Criollo, Trinitario",Peru
Summerbird,2016,71.0,Denmark,3.0,"Criollo, Trinitario",Peru
Suruca Chocolate,2016,70.0,Venezuela,2.75, ,Venezuela
Suruca Chocolate,2016,60.0,Venezuela,3.0, ,Venezuela
Svenska Kakaobolaget,2015,70.0,Sweden,2.75,"Criollo, Trinitario",Sri Lanka
Szanto Tibor,2015,70.0,Hungary,3.25, ,Ecuador
Szanto Tibor,2015,88.0,Hungary,3.25,Trinitario,Cuba
Szanto Tibor,2015,70.0,Hungary,3.25,Trinitario,Madagascar
Szanto Tibor,2015,70.0,Hungary,3.75,Forastero (Nacional),Ecuador
Szanto Tibor,2015,70.0,Hungary,3.25,Trinitario,Vietnam
Szanto Tibor,2015,70.0,Hungary,3.5,Forastero (Parazinho),Brazil
Szanto Tibor,2014,70.0,Hungary,3.5,Criollo,Venezuela
Szanto Tibor,2014,70.0,Hungary,3.75,Trinitario,Cuba
Szanto Tibor,2013,70.0,Hungary,3.5,Criollo,Madagascar
Szanto Tibor,2013,70.0,Hungary,3.5,Criollo,Madagascar
Szanto Tibor,2013,70.0,Hungary,3.25, ,Nicaragua
Szanto Tibor,2012,70.0,Hungary,3.25, ,Dominican Republic
Szanto Tibor,2012,70.0,Hungary,3.25, ,Madagascar
Szanto Tibor,2012,70.0,Hungary,3.75, ,Peru
Szanto Tibor,2011,70.0,Hungary,3.0, ,Venezuela
Tabal,2013,70.0,U.S.A.,2.75, ,Costa Rica
Tabal,2013,70.0,U.S.A.,2.75, ,Dominican Republic
Tabal,2013,70.0,U.S.A.,2.5, ,Mexico
Tabal,2013,70.0,U.S.A.,3.0, ,Peru
Tablette (aka Vanillabeans),2015,70.0,Japan,3.0, ,Colombia
Tablette (aka Vanillabeans),2015,62.0,Japan,3.25, ,Papua New Guinea
Tablette (aka Vanillabeans),2015,60.0,Japan,3.25,Trinitario,Vietnam
Tablette (aka Vanillabeans),2015,77.0,Japan,2.75,Trinitario,Trinidad
Tan Ban Skrati,2016,70.0,Suriname,3.25,Trinitario,Suriname
Taza,2014,68.0,U.S.A.,3.0,Trinitario,Belize
Taza,2011,87.0,U.S.A.,3.25, ,Bolivia
Taza,2009,75.0,U.S.A.,2.75, ,Mexico
Taza,2007,70.0,U.S.A.,3.0, ,Dominican Republic
TCHO,2016,62.0,U.S.A.,2.0,Forastero,West Africa
TCHO,2012,99.0,U.S.A.,3.25, ,"Peru, Ecuador"
TCHO,2009,60.0,U.S.A.,2.75, , 
TCHO,2009,68.0,U.S.A.,3.0, , 
TCHO,2008,70.0,U.S.A.,2.5,Forastero,Ghana
TCHO,2008,70.0,U.S.A.,2.5, ,Peru
TCHO,2008,70.0,U.S.A.,2.75, ,Madagascar
TCHO,2008,70.0,U.S.A.,2.5, ,Peru
Tejas,2012,70.0,U.S.A.,2.75, ,Madagascar
Tejas,2012,70.0,U.S.A.,3.0,Blend,"Ecuador, Mad., PNG"
Tejas,2012,70.0,U.S.A.,3.0, ,Papua New Guinea
Tejas,2012,70.0,U.S.A.,3.5, ,Dominican Republic
Tejas,2012,70.0,U.S.A.,3.25, ,Ecuador
Tejas,2012,70.0,U.S.A.,2.0, ,Peru
Tejas,2012,70.0,U.S.A.,3.25, ,Ecuador
Tejas,2012,70.0,U.S.A.,2.75, ,Bolivia
Tejas,2012,70.0,U.S.A.,3.0, ,Madagascar
Tejas,2012,70.0,U.S.A.,3.25, ,Mexico
Tejas,2012,70.0,U.S.A.,2.75, ,Brazil
Tejas,2012,80.0,U.S.A.,3.0, ,Venezuela
Tejas,2012,67.0,U.S.A.,3.25, ,Bolivia
Tejas,2012,70.0,U.S.A.,3.5,Forastero (Parazinho),Brazil
Terroir,2015,70.0,U.S.A.,2.75, ,Peru
Terroir,2015,70.0,U.S.A.,3.75,Trinitario,Belize
Terroir,2015,70.0,U.S.A.,3.75,Trinitario,Madagascar
Terroir,2015,70.0,U.S.A.,3.25, ,Ecuador
Terroir,2015,70.0,U.S.A.,3.5, ,Domincan Republic
Terroir,2015,70.0,U.S.A.,3.75,Trinitario,Guatemala
Terroir,2014,77.0,U.S.A.,3.25, ,Ecuador
Terroir,2014,67.0,U.S.A.,3.75,Trinitario,Madagascar
Terroir,2014,73.0,U.S.A.,3.75,Forastero,Uganda
The Barn,2015,70.0,Sweden,3.0, ,Peru
Theo,2012,65.0,U.S.A.,3.25,Forastero,Congo
Theo,2007,65.0,U.S.A.,3.5,Trinitario,Madagascar
Theo,2007,75.0,U.S.A.,2.5, ,Ivory Coast
Theo,2007,84.0,U.S.A.,3.0,Forastero,Ghana
Theo,2007,91.0,U.S.A.,2.0,Blend,Venezuela
Theo,2007,75.0,U.S.A.,3.0,Blend,"Ghana, Panama, Ecuador"
Theobroma,2015,70.0,Japan,3.25, ,Peru
Timo A. Meyer,2016,72.0,Germany,3.75,"Trinitario, TCGA",Belize
To'ak (Ecuatoriana),2014,81.0,Ecuador,3.25,Forastero (Nacional),Ecuador
Tobago Estate (Pralus),2012,70.0,France,4.0,Trinitario,Tobago
Tocoti,2012,77.0,U.S.A.,3.0,Criollo,Bolivia
Tocoti,2011,72.0,U.S.A.,2.75, ,Venezuela
Tocoti,2011,74.0,U.S.A.,3.0, ,Dominican Republic
Treehouse,2014,72.0,U.S.A.,3.0, ,Dominican Republic
Tsara (Cinagra),2011,72.0,Madagascar,3.5, ,Madagascar
twenty-four blackbirds,2015,75.0,U.S.A.,2.75, ,Domincan Republic
twenty-four blackbirds,2015,75.0,U.S.A.,3.5, ,Ecuador
twenty-four blackbirds,2014,75.0,U.S.A.,3.5,Trinitario,Madagascar
twenty-four blackbirds,2013,68.0,U.S.A.,3.25, ,Dominican Republic
twenty-four blackbirds,2013,75.0,U.S.A.,2.5, ,Bolivia
twenty-four blackbirds,2011,73.0,U.S.A.,2.75, ,Dominican Republic
Two Ravens,2016,60.0,U.S.A.,3.0,Criollo,Peru
Un Dimanche A Paris,2011,63.0,France,3.75, ,Dominican Republic
Undone,2014,74.0,U.S.A.,2.75, ,Nicaragua
Undone,2014,70.0,U.S.A.,3.0, ,Dominican Republic
Upchurch,2016,72.0,U.S.A.,3.0,Trinitario,Madagascar
Upchurch,2016,72.0,U.S.A.,3.25, ,Tanzania
Urzi,2014,65.0,Italy,3.25,Trinitario,Venezuela
Valrhona,2015,63.0,France,4.0, ,Peru
Valrhona,2013,70.0,France,3.5, , 
Valrhona,2013,64.0,France,3.5, ,Dominican Republic
Valrhona,2012,69.0,France,4.0, ,Venezuela
Valrhona,2011,56.0,France,3.25, , 
Valrhona,2011,64.0,France,4.0,Criollo,Venezuela
Valrhona,2009,64.0,France,3.75, ,Dominican Republic
Valrhona,2009,66.0,France,3.75, ,Ecuador
Valrhona,2009,68.0,France,3.5,Forastero,Ghana
Valrhona,2007,72.0,France,3.0,Blend,"Venezuela, Carribean"
Valrhona,2007,65.0,France,3.75,Trinitario,Venezuela
Valrhona,2007,64.0,France,4.0,"Criollo, Trinitario",Madagascar
Valrhona,2007,85.0,France,1.5, , 
Valrhona,2007,85.0,France,2.5,Forastero,West Africa
Valrhona,2007,71.0,France,2.75,Forastero,West Africa
Valrhona,2007,64.0,France,3.25,Criollo (Porcelana),Venezuela
Valrhona,2006,66.0,France,3.0,Trinitario,Carribean
Valrhona,2006,70.0,France,4.0,"Criollo, Trinitario",South America
Valrhona,2006,64.0,France,2.5,Trinitario,Trinidad
Valrhona,2006,64.0,France,3.0,Criollo (Porcelana),Venezuela
Valrhona,2006,64.0,France,3.5,Trinitario,Madagascar
Vanleer (Barry Callebaut),2012,72.0,U.S.A.,2.5,Forastero,Ghana
Vanleer (Barry Callebaut),2012,65.0,U.S.A.,2.75,Forastero,Ghana
Vao Vao (Chocolaterie Robert),2009,72.0,Madagascar,2.75,Trinitario,Madagascar
Vao Vao (Chocolaterie Robert),2009,76.0,Madagascar,2.75,Trinitario,Madagascar
Vao Vao (Chocolaterie Robert),2009,80.0,Madagascar,2.75,Trinitario,Madagascar
Vao Vao (Chocolaterie Robert),2009,70.0,Madagascar,3.0,Trinitario,Madagascar
Vao Vao (Chocolaterie Robert),2009,68.0,Madagascar,3.0,Trinitario,Madagascar
Vao Vao (Chocolaterie Robert),2009,64.0,Madagascar,3.25,Trinitario,Madagascar
Vicuna,2015,70.0,U.S.A.,3.25, ,Bolivia
Vicuna,2015,70.0,U.S.A.,3.25, ,Bolivia
Videri,2014,90.0,U.S.A.,3.25, ,Dominican Republic
Videri,2014,75.0,U.S.A.,3.5,Trinitario,Trinidad
Videri,2014,75.0,U.S.A.,3.5, ,Ecuador
Videri,2013,90.0,U.S.A.,3.75, ,Central and S. America
Videri,2012,70.0,U.S.A.,3.25, ,Central and S. America
Vietcacao (A. Morin),2012,70.0,France,3.5,Trinitario,Vietnam
Vintage Plantations,2014,75.0,U.S.A.,3.0, ,Peru
Vintage Plantations (Tulicorp),2007,100.0,U.S.A.,2.0,Forastero (Arriba),Ecuador
Vintage Plantations (Tulicorp),2007,90.0,U.S.A.,2.0,Forastero (Arriba),Ecuador
Vintage Plantations (Tulicorp),2007,75.0,U.S.A.,3.0,Forastero (Arriba),Ecuador
Vintage Plantations (Tulicorp),2007,65.0,U.S.A.,3.0,Forastero (Arriba),Ecuador
Violet Sky,2015,77.0,U.S.A.,2.75,Trinitario,Madagascar
Violet Sky,2015,77.0,U.S.A.,3.0,"Criollo, Trinitario",Belize
Violet Sky,2015,77.0,U.S.A.,3.0,Criollo,Venezuela
Violet Sky,2015,77.0,U.S.A.,3.25,"Criollo, Trinitario",Peru
Violet Sky,2015,77.0,U.S.A.,2.75,Trinitario,Guatemala
Vivra,2016,70.0,U.S.A.,2.5, ,Peru
Vivra,2016,70.0,U.S.A.,2.5, ,Venezuela
Vivra,2016,70.0,U.S.A.,3.0, ,Domincan Republic
Wellington Chocolate Factory,2016,70.0,New Zealand,3.5,Trinitario,Dominican Republic
Wellington Chocolate Factory,2016,70.0,New Zealand,3.5, ,Peru
Whittakers,2011,72.0,New Zealand,2.5,Forastero,Ghana
Wilkie's Organic,2013,75.0,Ireland,2.5,Criollo,Peru
Wilkie's Organic,2013,89.0,Ireland,2.75,Criollo,Peru
Wilkie's Organic,2013,75.0,Ireland,3.25,Criollo,Peru
Wilkie's Organic,2013,75.0,Ireland,2.75,Criollo,Peru
Willie's Cacao,2016,70.0,U.K.,4.0, ,Colombia
Willie's Cacao,2014,88.0,U.K.,3.0,Trinitario,Colombia
Willie's Cacao,2013,100.0,U.K.,2.25, ,Indonesia
Willie's Cacao,2010,71.0,U.K.,3.0,Trinitario,Madagascar
Willie's Cacao,2010,72.0,U.K.,3.5, ,Venezuela
Willie's Cacao,2010,69.0,U.K.,3.75, ,Indonesia
Willie's Cacao,2009,70.0,U.K.,3.0, ,Peru
Willie's Cacao,2009,72.0,U.K.,3.25,Trinitario,Venezuela
Wm,2016,74.0,U.S.A.,3.0,Criollo,Venezuela
Wm,2016,76.0,U.S.A.,3.5, ,Bolivia
Wm,2016,75.0,U.S.A.,3.75, ,Ghana
Woodblock,2014,70.0,U.S.A.,3.0,Forastero (Nacional),Peru
Woodblock,2013,70.0,U.S.A.,3.25, ,Ecuador
Woodblock,2013,70.0,U.S.A.,3.5,Trinitario,Trinidad
Woodblock,2012,70.0,U.S.A.,2.5, ,Ecuador
Woodblock,2012,70.0,U.S.A.,3.0, ,Costa Rica
Woodblock,2012,70.0,U.S.A.,3.25,Trinitario,Madagascar
Woodblock,2011,70.0,U.S.A.,4.0, ,Venezuela
Woodblock,2011,70.0,U.S.A.,3.5, ,Dominican Republic
Xocolat,2013,66.0,Domincan Republic,3.0, ,Dominican Republic
Xocolla,2017,70.0,U.S.A.,2.75, ,Madagascar
Xocolla,2017,70.0,U.S.A.,2.5, ,Dominican Republic
Zak's,2015,70.0,U.S.A.,3.0, ,Papua New Guinea
Zak's,2015,70.0,U.S.A.,3.25, ,Domincan Republic
Zak's,2015,70.0,U.S.A.,3.25,Trinitario,Madagascar
Zak's,2015,70.0,U.S.A.,3.25, ,Peru
Zak's,2015,70.0,U.S.A.,3.5,Trinitario,Belize
Zak's,2015,60.0,U.S.A.,3.0, , 
Zart Pralinen,2016,70.0,Austria,3.5,"Criollo, Trinitario",Madagascar
Zart Pralinen,2016,70.0,Austria,2.75,Nacional (Arriba),Ecuador
Zart Pralinen,2016,85.0,Austria,2.75,Trinitario,Trinidad
Zart Pralinen,2016,85.0,Austria,3.0,"Criollo, Trinitario",Tanzania
Zart Pralinen,2016,70.0,Austria,3.5,"Criollo, Trinitario",Tanzania
Zart Pralinen,2016,78.0,Austria,3.5,Trinitario,Trinidad
Zokoko,2016,78.0,Australia,3.75, ,Solomon Islands
Zokoko,2016,65.0,Australia,3.25, , 
Zokoko,2011,68.0,Australia,3.5, ,Bolivia
Zokoko,2011,66.0,Australia,3.5,Trinitario,Papua New Guinea
Zokoko,2011,72.0,Australia,3.75, ,Bolivia
Zotter,2014,80.0,Austria,2.75, , 
Zotter,2012,72.0,Austria,3.5, ,Panama
Zotter,2012,65.0,Austria,3.5, , 
Zotter,2012,70.0,Austria,3.0,Criollo (Amarru),Peru
Zotter,2012,70.0,Austria,3.5,Criollo (Amarru),Peru
Zotter,2012,62.0,Austria,3.75, ,Dominican Republic
Zotter,2012,75.0,Austria,3.0,Forastero (Nacional),Ecuador
Zotter,2012,75.0,Austria,3.0,"Criollo, Trinitario",Papua New Guinea
Zotter,2012,90.0,Austria,3.25, ,Bolivia
Zotter,2012,70.0,Austria,3.75, ,Dominican Republic
Zotter,2012,68.0,Austria,3.25,Forastero,Congo
Zotter,2012,58.0,Austria,3.5, , 
Zotter,2011,70.0,Austria,3.75, ,Peru
Zotter,2011,65.0,Austria,3.0,Forastero,Congo
Zotter,2011,65.0,Austria,3.5,Forastero,India
Zotter,2011,62.0,Austria,3.25, ,India
Zotter,2010,65.0,Austria,3.0, ,Brazil
